link,image
https://www.amazon.co.jp/sspa/click?ie=UTF8&spc=MTo4OTE5MTg5NTY2NTg1MDc5OjE3Mjc1OTcxODg6c3BfcGhvbmVfc2VhcmNoX2F0ZjozMDAwMjM1ODQ2MjM4NjI6OjA6Og&url=%2F%25E3%2583%2587%25E3%2582%25B6%25E3%2582%25A4%25E3%2583%25B3%25E3%2582%2592%25E3%2580%2581%25E7%25B5%258C%25E5%2596%25B6%25E3%2581%25AE%25E3%2581%259D%25E3%2581%25B0%25E3%2581%25AB%25E3%2580%2582-%25E5%2585%25AB%25E6%259C%25A8-%25E5%25BD%25A9%2Fdp%2F4761277130%2Fref%3Dmp_s_a_1_1_sspa%3Fdib%3DeyJ2IjoiMSJ9.qnVwhNlRROMY2y_-qpqroX5FRSEws5O7FpJy0NJBa54qZ5TUb_h7aY6kdwyeKhI4wa09NhXLgQNPBJb-9T0D1FXjo9SLGbYTp95IjrUk_RPedIxQMCPaDljvPqzwQeWxAC5oYD1dN6W943FwiFB1b9BgB-6pABO4fM0ElWdEOJvDSaJ1_SB3G3HnoHRe_4KfaHU-Xo6wd5NDSFvwX1kT4Q.zOxliV5Zp-OEvby_fD6eb3q5UVrXX7DUNcwXWqwXFVY%26dib_tag%3Dse%26keywords%3D%25E3%2583%2587%25E3%2582%25B6%25E3%2582%25A4%25E3%2583%25B3%25E7%25B5%258C%25E5%2596%25B6%26qid%3D1727597188%26s%3Dbooks%26sr%3D1-1-spons%26sp_csd%3Dd2lkZ2V0TmFtZT1zcF9waG9uZV9zZWFyY2hfYXRm%26psc%3D1,https://m.media-amazon.com/images/I/71CGbYN7WXL._AC_SX148_SY213_QL70_.jpg
https://www.amazon.co.jp/sspa/click?ie=UTF8&spc=MTo4OTE5MTg5NTY2NTg1MDc5OjE3Mjc1OTcxODg6c3BfcGhvbmVfc2VhcmNoX2F0ZjozMDAwNTkyMTIyNzgwNjI6OjA6Og&url=%2F%25E3%2582%25A4%25E3%2583%25B3%25E3%2582%25B5%25E3%2582%25A4%25E3%2583%2588%25E3%2583%2596%25E3%2583%25BC%25E3%2582%25B9%25E3%2583%2588-%25E7%25B5%258C%25E5%2596%25B6%25E6%2588%25A6%25E7%2595%25A5%25E3%2581%25AE%25E5%258A%25B9%25E6%259E%259C%25E3%2582%2592%25E5%25BA%2595%25E4%25B8%258A%25E3%2581%2592%25E3%2581%2599%25E3%2582%258B%25E3%2583%2596%25E3%2583%25A9%25E3%2583%25B3%25E3%2583%2589%25E3%2583%2587%25E3%2582%25B6%25E3%2582%25A4%25E3%2583%25B3%25E3%2581%25AE%25E5%259F%25BA%25E6%259C%25AC-%25E4%25B8%258B%25E7%25B8%25BD%25E8%2589%25AF%25E5%2589%2587%2Fdp%2F4910034196%2Fref%3Dmp_s_a_1_2_sspa%3Fdib%3DeyJ2IjoiMSJ9.qnVwhNlRROMY2y_-qpqroX5FRSEws5O7FpJy0NJBa54qZ5TUb_h7aY6kdwyeKhI4wa09NhXLgQNPBJb-9T0D1FXjo9SLGbYTp95IjrUk_RPedIxQMCPaDljvPqzwQeWxAC5oYD1dN6W943FwiFB1b9BgB-6pABO4fM0ElWdEOJvDSaJ1_SB3G3HnoHRe_4KfaHU-Xo6wd5NDSFvwX1kT4Q.zOxliV5Zp-OEvby_fD6eb3q5UVrXX7DUNcwXWqwXFVY%26dib_tag%3Dse%26keywords%3D%25E3%2583%2587%25E3%2582%25B6%25E3%2582%25A4%25E3%2583%25B3%25E7%25B5%258C%25E5%2596%25B6%26qid%3D1727597188%26s%3Dbooks%26sr%3D1-2-spons%26sp_csd%3Dd2lkZ2V0TmFtZT1zcF9waG9uZV9zZWFyY2hfYXRm%26psc%3D1,https://m.media-amazon.com/images/I/61TWAqMj-AL._AC_SX148_SY213_QL70_.jpg
https://www.amazon.co.jp/%E7%92%B0%E5%A2%83%E5%A4%89%E5%8C%96%E3%81%AB%E8%80%90%E3%81%88%E6%8A%9C%E3%81%8D%E5%BC%B7%E3%81%84%E4%BC%9A%E7%A4%BE%E3%82%92%E5%89%B5%E3%82%8B%E3%80%8C%E7%B5%8C%E5%96%B6%E3%81%AE%E3%83%87%E3%82%B6%E3%82%A4%E3%83%B3%E3%80%8D-%E2%80%95%E2%80%95%E7%9F%A5%E7%9A%84%E8%B3%87%E7%94%A3%E3%82%92%E6%B4%BB%E7%94%A8%E3%81%97%E3%81%A6%E9%80%86%E5%A2%83%E3%81%AB%E6%89%93%E3%81%A1%E5%8B%9D%E3%81%A4%E5%94%AF%E4%B8%80%E3%81%AE%E3%83%A1%E3%82%BD%E3%83%83%E3%83%89-%E5%BC%B7%E7%80%AC%E7%90%86%E4%B8%80/dp/4814926243/ref=mp_s_a_1_3?dib=eyJ2IjoiMSJ9.qnVwhNlRROMY2y_-qpqroX5FRSEws5O7FpJy0NJBa54qZ5TUb_h7aY6kdwyeKhI4wa09NhXLgQNPBJb-9T0D1FXjo9SLGbYTp95IjrUk_RPedIxQMCPaDljvPqzwQeWxAC5oYD1dN6W943FwiFB1b9BgB-6pABO4fM0ElWdEOJvDSaJ1_SB3G3HnoHRe_4KfaHU-Xo6wd5NDSFvwX1kT4Q.zOxliV5Zp-OEvby_fD6eb3q5UVrXX7DUNcwXWqwXFVY&dib_tag=se&keywords=%E3%83%87%E3%82%B6%E3%82%A4%E3%83%B3%E7%B5%8C%E5%96%B6&qid=1727597188&s=books&sr=1-3,https://m.media-amazon.com/images/I/61t+pq8nLhL._AC_SX148_SY213_QL70_.jpg
https://www.amazon.co.jp/%E3%83%87%E3%82%B6%E3%82%A4%E3%83%B3%E7%B5%8C%E5%96%B6-%E9%B7%B2%E7%94%B0-%E7%A5%90%E4%B8%80/dp/4641165920/ref=mp_s_a_1_4?dib=eyJ2IjoiMSJ9.qnVwhNlRROMY2y_-qpqroX5FRSEws5O7FpJy0NJBa54qZ5TUb_h7aY6kdwyeKhI4wa09NhXLgQNPBJb-9T0D1FXjo9SLGbYTp95IjrUk_RPedIxQMCPaDljvPqzwQeWxAC5oYD1dN6W943FwiFB1b9BgB-6pABO4fM0ElWdEOJvDSaJ1_SB3G3HnoHRe_4KfaHU-Xo6wd5NDSFvwX1kT4Q.zOxliV5Zp-OEvby_fD6eb3q5UVrXX7DUNcwXWqwXFVY&dib_tag=se&keywords=%E3%83%87%E3%82%B6%E3%82%A4%E3%83%B3%E7%B5%8C%E5%96%B6&qid=1727597188&s=books&sr=1-4,https://m.media-amazon.com/images/I/71KOfjkdaPL._AC_SX148_SY213_QL70_.jpg
https://www.amazon.co.jp/%E3%83%87%E3%82%B6%E3%82%A4%E3%83%B3%E3%82%92%E3%80%81%E7%B5%8C%E5%96%B6%E3%81%AE%E3%81%9D%E3%81%B0%E3%81%AB%E3%80%82-%E5%85%AB%E6%9C%A8-%E5%BD%A9/dp/4761277130/ref=mp_s_a_1_5?dib=eyJ2IjoiMSJ9.qnVwhNlRROMY2y_-qpqroX5FRSEws5O7FpJy0NJBa54qZ5TUb_h7aY6kdwyeKhI4wa09NhXLgQNPBJb-9T0D1FXjo9SLGbYTp95IjrUk_RPedIxQMCPaDljvPqzwQeWxAC5oYD1dN6W943FwiFB1b9BgB-6pABO4fM0ElWdEOJvDSaJ1_SB3G3HnoHRe_4KfaHU-Xo6wd5NDSFvwX1kT4Q.zOxliV5Zp-OEvby_fD6eb3q5UVrXX7DUNcwXWqwXFVY&dib_tag=se&keywords=%E3%83%87%E3%82%B6%E3%82%A4%E3%83%B3%E7%B5%8C%E5%96%B6&qid=1727597188&s=books&sr=1-5,https://m.media-amazon.com/images/I/71CGbYN7WXL._AC_SX148_SY213_QL70_.jpg
https://www.amazon.co.jp/%E3%81%93%E3%82%8C%E3%81%8B%E3%82%89%E3%81%AE%E3%83%87%E3%82%B6%E3%82%A4%E3%83%B3%E7%B5%8C%E5%96%B6%E3%83%BC%E3%83%BC%E5%B8%B8%E8%AD%98%E3%82%84%E7%B5%8C%E9%A8%93%E3%81%8C%E9%80%9A%E7%94%A8%E3%81%97%E3%81%AA%E3%81%84%E6%99%82%E4%BB%A3%E3%81%AB%E9%A1%A7%E5%AE%A2%E3%81%AB%E5%BF%85%E8%A6%81%E3%81%A8%E3%81%95%E3%82%8C%E3%82%8B%E4%BC%81%E6%A5%AD%E3%81%8C%E5%AE%9F%E8%B7%B5%E3%81%97%E3%81%A6%E3%81%84%E3%82%8B%E7%B5%8C%E5%96%B6%E6%88%A6%E7%95%A5%E3%83%BC%E3%83%BC-%E6%B0%B8%E4%BA%95-%E4%B8%80%E5%8F%B2/dp/4295405078/ref=mp_s_a_1_6?dib=eyJ2IjoiMSJ9.qnVwhNlRROMY2y_-qpqroX5FRSEws5O7FpJy0NJBa54qZ5TUb_h7aY6kdwyeKhI4wa09NhXLgQNPBJb-9T0D1FXjo9SLGbYTp95IjrUk_RPedIxQMCPaDljvPqzwQeWxAC5oYD1dN6W943FwiFB1b9BgB-6pABO4fM0ElWdEOJvDSaJ1_SB3G3HnoHRe_4KfaHU-Xo6wd5NDSFvwX1kT4Q.zOxliV5Zp-OEvby_fD6eb3q5UVrXX7DUNcwXWqwXFVY&dib_tag=se&keywords=%E3%83%87%E3%82%B6%E3%82%A4%E3%83%B3%E7%B5%8C%E5%96%B6&qid=1727597188&s=books&sr=1-6,https://m.media-amazon.com/images/I/81zKNT9LaKL._AC_SX148_SY213_QL70_.jpg
https://www.amazon.co.jp/%E7%B5%8C%E5%96%B6%E3%81%A8%E3%83%87%E3%82%B6%E3%82%A4%E3%83%B3%E3%81%AE%E5%B9%B8%E3%81%9B%E3%81%AA%E9%96%A2%E4%BF%82-%E4%B8%AD%E5%B7%9D-%E6%B7%B3/dp/4822235807/ref=mp_s_a_1_7?dib=eyJ2IjoiMSJ9.qnVwhNlRROMY2y_-qpqroX5FRSEws5O7FpJy0NJBa54qZ5TUb_h7aY6kdwyeKhI4wa09NhXLgQNPBJb-9T0D1FXjo9SLGbYTp95IjrUk_RPedIxQMCPaDljvPqzwQeWxAC5oYD1dN6W943FwiFB1b9BgB-6pABO4fM0ElWdEOJvDSaJ1_SB3G3HnoHRe_4KfaHU-Xo6wd5NDSFvwX1kT4Q.zOxliV5Zp-OEvby_fD6eb3q5UVrXX7DUNcwXWqwXFVY&dib_tag=se&keywords=%E3%83%87%E3%82%B6%E3%82%A4%E3%83%B3%E7%B5%8C%E5%96%B6&qid=1727597188&s=books&sr=1-7,https://m.media-amazon.com/images/I/71o0qlwzNqL._AC_SX148_SY213_QL70_.jpg
https://www.amazon.co.jp/%E7%B5%8C%E5%96%B6%E3%81%A8%E3%83%87%E3%82%B6%E3%82%A4%E3%83%B3%E3%81%AE%E3%81%8B%E3%81%91%E7%AE%97-%E4%BC%81%E6%A5%AD%E3%82%92%E9%80%B2%E5%8C%96%E3%81%95%E3%81%9B%E3%82%8B%E3%80%8C%E3%83%87%E3%82%B6%E3%82%A4%E3%83%B3%E6%80%9D%E8%80%83%E3%80%8D%E3%81%A8%E3%80%8C%E3%83%96%E3%83%A9%E3%83%B3%E3%83%87%E3%82%A3%E3%83%B3%E3%82%B0%E3%80%8D-%E5%B0%BE%E5%B4%8E-%E7%BE%8E%E7%A9%82/dp/4772661727/ref=mp_s_a_1_8?dib=eyJ2IjoiMSJ9.qnVwhNlRROMY2y_-qpqroX5FRSEws5O7FpJy0NJBa54qZ5TUb_h7aY6kdwyeKhI4wa09NhXLgQNPBJb-9T0D1FXjo9SLGbYTp95IjrUk_RPedIxQMCPaDljvPqzwQeWxAC5oYD1dN6W943FwiFB1b9BgB-6pABO4fM0ElWdEOJvDSaJ1_SB3G3HnoHRe_4KfaHU-Xo6wd5NDSFvwX1kT4Q.zOxliV5Zp-OEvby_fD6eb3q5UVrXX7DUNcwXWqwXFVY&dib_tag=se&keywords=%E3%83%87%E3%82%B6%E3%82%A4%E3%83%B3%E7%B5%8C%E5%96%B6&qid=1727597188&s=books&sr=1-8,https://m.media-amazon.com/images/I/715wijRPIKL._AC_SX148_SY213_QL70_.jpg
https://www.amazon.co.jp/%E3%83%87%E3%82%B6%E3%82%A4%E3%83%B3%E7%B5%8C%E5%96%B6%E3%81%B8%E3%81%AE7%E3%82%B9%E3%83%86%E3%83%83%E3%83%97-%E5%A4%A7%E5%8F%A3%E4%BA%8C%E9%83%8E/dp/4434320009/ref=mp_s_a_1_9?dib=eyJ2IjoiMSJ9.qnVwhNlRROMY2y_-qpqroX5FRSEws5O7FpJy0NJBa54qZ5TUb_h7aY6kdwyeKhI4wa09NhXLgQNPBJb-9T0D1FXjo9SLGbYTp95IjrUk_RPedIxQMCPaDljvPqzwQeWxAC5oYD1dN6W943FwiFB1b9BgB-6pABO4fM0ElWdEOJvDSaJ1_SB3G3HnoHRe_4KfaHU-Xo6wd5NDSFvwX1kT4Q.zOxliV5Zp-OEvby_fD6eb3q5UVrXX7DUNcwXWqwXFVY&dib_tag=se&keywords=%E3%83%87%E3%82%B6%E3%82%A4%E3%83%B3%E7%B5%8C%E5%96%B6&qid=1727597188&s=books&sr=1-9,https://m.media-amazon.com/images/I/719SwwBWhfL._AC_SX148_SY213_QL70_.jpg
https://www.amazon.co.jp/%E3%83%87%E3%82%B6%E3%82%A4%E3%83%B3%E3%83%9E%E3%83%8D%E3%82%B8%E3%83%A1%E3%83%B3%E3%83%88%E5%8E%9F%E8%AB%96-%E2%80%95%E3%83%87%E3%82%B6%E3%82%A4%E3%83%B3%E7%B5%8C%E5%96%B6%E3%81%AE%E3%81%9F%E3%82%81%E3%81%AE%E5%AE%9F%E8%B7%B5%E3%83%8F%E3%83%B3%E3%83%89%E3%83%96%E3%83%83%E3%82%AF-%E3%83%87%E3%82%B6%E3%82%A4%E3%83%B3%E3%83%9E%E3%83%8D%E3%82%B8%E3%83%A1%E3%83%B3%E3%83%88%E3%82%B7%E3%83%AA%E3%83%BC%E3%82%BA-%E3%83%87%E3%82%A4%E3%83%93%E3%83%83%E3%83%89%E3%83%BB%E3%83%8F%E3%83%B3%E3%82%BA/dp/4501631805/ref=mp_s_a_1_10?dib=eyJ2IjoiMSJ9.qnVwhNlRROMY2y_-qpqroX5FRSEws5O7FpJy0NJBa54qZ5TUb_h7aY6kdwyeKhI4wa09NhXLgQNPBJb-9T0D1FXjo9SLGbYTp95IjrUk_RPedIxQMCPaDljvPqzwQeWxAC5oYD1dN6W943FwiFB1b9BgB-6pABO4fM0ElWdEOJvDSaJ1_SB3G3HnoHRe_4KfaHU-Xo6wd5NDSFvwX1kT4Q.zOxliV5Zp-OEvby_fD6eb3q5UVrXX7DUNcwXWqwXFVY&dib_tag=se&keywords=%E3%83%87%E3%82%B6%E3%82%A4%E3%83%B3%E7%B5%8C%E5%96%B6&qid=1727597188&s=books&sr=1-10,https://m.media-amazon.com/images/I/81+Ao0K1JCL._AC_SX148_SY213_QL70_.jpg
https://www.amazon.co.jp/%E3%83%8B%E3%83%A5%E3%83%BC%E3%83%A8%E3%83%BC%E3%82%AF%E3%81%AE%E3%82%A2%E3%83%BC%E3%83%88%E3%83%87%E3%82%A3%E3%83%AC%E3%82%AF%E3%82%BF%E3%83%BC%E3%81%8C%E3%81%84%E3%81%BE%E3%80%81%E6%97%A5%E6%9C%AC%E3%81%AE%E3%83%93%E3%82%B8%E3%83%8D%E3%82%B9%E3%83%AA%E3%83%BC%E3%83%80%E3%83%BC%E3%81%AB%E4%BC%9D%E3%81%88%E3%81%9F%E3%81%84%E3%81%93%E3%81%A8-%E5%B0%8F%E5%B1%B1%E7%94%B0-%E8%82%B2/dp/4295402958/ref=mp_s_a_1_11?dib=eyJ2IjoiMSJ9.qnVwhNlRROMY2y_-qpqroX5FRSEws5O7FpJy0NJBa54qZ5TUb_h7aY6kdwyeKhI4wa09NhXLgQNPBJb-9T0D1FXjo9SLGbYTp95IjrUk_RPedIxQMCPaDljvPqzwQeWxAC5oYD1dN6W943FwiFB1b9BgB-6pABO4fM0ElWdEOJvDSaJ1_SB3G3HnoHRe_4KfaHU-Xo6wd5NDSFvwX1kT4Q.zOxliV5Zp-OEvby_fD6eb3q5UVrXX7DUNcwXWqwXFVY&dib_tag=se&keywords=%E3%83%87%E3%82%B6%E3%82%A4%E3%83%B3%E7%B5%8C%E5%96%B6&qid=1727597188&s=books&sr=1-11,https://m.media-amazon.com/images/I/81loJEgtjSL._AC_SX148_SY213_QL70_.jpg
https://www.amazon.co.jp/sspa/click?ie=UTF8&spc=MTo4OTE5MTg5NTY2NTg1MDc5OjE3Mjc1OTcxODg6c3BfcGhvbmVfc2VhcmNoX210ZjozMDAwNjA2NzM0MTQxNjI6OjA6Og&url=%2F%25E3%2583%2587%25E3%2582%25B6%25E3%2582%25A4%25E3%2583%258A%25E3%2583%25BC%25E3%2581%25AE%25E3%2581%25A8%25E3%2581%25AA%25E3%2582%258A%25E3%2581%25A7%25E4%25BB%2595%25E4%25BA%258B%25E3%2582%2592%25E8%25A6%258B%25E3%2581%25A6%25E3%2581%2584%25E3%2582%258B%25E6%25B0%2597%25E5%2588%2586-%25E3%2580%258C%25E3%2581%259D%25E3%2581%25AE%25E3%2583%2587%25E3%2582%25B6%25E3%2582%25A4%25E3%2583%25B3%25E3%2580%2581%25E3%2581%25A9%25E3%2581%2586%25E3%2582%2584%25E3%2581%25A3%25E3%2581%25A6%25E4%25BD%259C%25E3%2582%258B%25E3%2581%25AE%25EF%25BC%259F%25E3%2580%258D%25E3%2581%258C%25E5%2588%2586%25E3%2581%258B%25E3%2582%258B%25E3%2580%2581%25E3%2583%2587%25E3%2582%25B6%25E3%2582%25A4%25E3%2583%25B3%25E3%2581%25AE%25E5%258F%2582%25E8%2580%2583%25E6%259B%25B8-%25E6%25A3%25AE%25E7%2594%25B0-%25E5%2595%2593%25E4%25B8%2580%2Fdp%2F4798179434%2Fref%3Dmp_s_a_1_12_sspa%3Fdib%3DeyJ2IjoiMSJ9.qnVwhNlRROMY2y_-qpqroX5FRSEws5O7FpJy0NJBa54qZ5TUb_h7aY6kdwyeKhI4wa09NhXLgQNPBJb-9T0D1FXjo9SLGbYTp95IjrUk_RPedIxQMCPaDljvPqzwQeWxAC5oYD1dN6W943FwiFB1b9BgB-6pABO4fM0ElWdEOJvDSaJ1_SB3G3HnoHRe_4KfaHU-Xo6wd5NDSFvwX1kT4Q.zOxliV5Zp-OEvby_fD6eb3q5UVrXX7DUNcwXWqwXFVY%26dib_tag%3Dse%26keywords%3D%25E3%2583%2587%25E3%2582%25B6%25E3%2582%25A4%25E3%2583%25B3%25E7%25B5%258C%25E5%2596%25B6%26qid%3D1727597188%26s%3Dbooks%26sr%3D1-12-spons%26sp_csd%3Dd2lkZ2V0TmFtZT1zcF9waG9uZV9zZWFyY2hfbXRm%26psc%3D1,https://m.media-amazon.com/images/I/71yZr+s6NNL._AC_SX148_SY213_QL70_.jpg
https://www.amazon.co.jp/sspa/click?ie=UTF8&spc=MTo4OTE5MTg5NTY2NTg1MDc5OjE3Mjc1OTcxODg6c3BfcGhvbmVfc2VhcmNoX210ZjozMDAwNDE2MjI1NTI5NjI6OjA6Og&url=%2F%25E3%2583%2597%25E3%2583%25AD%25E3%2581%25A3%25E3%2581%25BD%25E3%2581%2584%25E3%2582%25BB%25E3%2583%25B3%25E3%2582%25B9%25E3%2581%258C%25E8%25BA%25AB%25E3%2581%25AB%25E3%2581%25A4%25E3%2581%258F-%25E3%2583%2587%25E3%2582%25B6%25E3%2582%25A4%25E3%2583%25B3%25E3%2581%25AE%25E3%2581%258D%25E3%2581%25BB%25E3%2582%2593-%25E6%259C%25A8%25E6%259D%2591%25E5%25AE%258F%25E6%2598%258E%2Fdp%2F4800730384%2Fref%3Dmp_s_a_1_13_sspa%3Fdib%3DeyJ2IjoiMSJ9.qnVwhNlRROMY2y_-qpqroX5FRSEws5O7FpJy0NJBa54qZ5TUb_h7aY6kdwyeKhI4wa09NhXLgQNPBJb-9T0D1FXjo9SLGbYTp95IjrUk_RPedIxQMCPaDljvPqzwQeWxAC5oYD1dN6W943FwiFB1b9BgB-6pABO4fM0ElWdEOJvDSaJ1_SB3G3HnoHRe_4KfaHU-Xo6wd5NDSFvwX1kT4Q.zOxliV5Zp-OEvby_fD6eb3q5UVrXX7DUNcwXWqwXFVY%26dib_tag%3Dse%26keywords%3D%25E3%2583%2587%25E3%2582%25B6%25E3%2582%25A4%25E3%2583%25B3%25E7%25B5%258C%25E5%2596%25B6%26qid%3D1727597188%26s%3Dbooks%26sr%3D1-13-spons%26sp_csd%3Dd2lkZ2V0TmFtZT1zcF9waG9uZV9zZWFyY2hfbXRm%26psc%3D1,https://m.media-amazon.com/images/I/718lNxuj+EL._AC_SX148_SY213_QL70_.jpg
https://www.amazon.co.jp/%E3%83%87%E3%82%B6%E3%82%A4%E3%83%B3%E7%B5%8C%E5%96%B6%EF%BC%9A%E5%AE%9F%E8%B7%B5%E3%81%AE%E8%A3%9C%E5%8A%A9%E7%B7%9A-%E7%A6%8F%E7%94%B0%E6%95%8F%E4%B9%9F-ebook/dp/B08MCXGJ93/ref=mp_s_a_1_14?dib=eyJ2IjoiMSJ9.qnVwhNlRROMY2y_-qpqroX5FRSEws5O7FpJy0NJBa54qZ5TUb_h7aY6kdwyeKhI4wa09NhXLgQNPBJb-9T0D1FXjo9SLGbYTp95IjrUk_RPedIxQMCPaDljvPqzwQeWxAC5oYD1dN6W943FwiFB1b9BgB-6pABO4fM0ElWdEOJvDSaJ1_SB3G3HnoHRe_4KfaHU-Xo6wd5NDSFvwX1kT4Q.zOxliV5Zp-OEvby_fD6eb3q5UVrXX7DUNcwXWqwXFVY&dib_tag=se&keywords=%E3%83%87%E3%82%B6%E3%82%A4%E3%83%B3%E7%B5%8C%E5%96%B6&qid=1727597188&s=books&sr=1-14,https://m.media-amazon.com/images/I/61da+4KR51L._AC_SX148_SY213_QL70_.jpg
https://www.amazon.co.jp/%E3%82%A4%E3%83%B3%E3%82%B5%E3%82%A4%E3%83%88%E3%83%96%E3%83%BC%E3%82%B9%E3%83%88-%E7%B5%8C%E5%96%B6%E6%88%A6%E7%95%A5%E3%81%AE%E5%8A%B9%E6%9E%9C%E3%82%92%E5%BA%95%E4%B8%8A%E3%81%92%E3%81%99%E3%82%8B%E3%83%96%E3%83%A9%E3%83%B3%E3%83%89%E3%83%87%E3%82%B6%E3%82%A4%E3%83%B3%E3%81%AE%E5%9F%BA%E6%9C%AC-%E4%B8%8B%E7%B8%BD%E8%89%AF%E5%89%87/dp/4910034196/ref=mp_s_a_1_15?dib=eyJ2IjoiMSJ9.qnVwhNlRROMY2y_-qpqroX5FRSEws5O7FpJy0NJBa54qZ5TUb_h7aY6kdwyeKhI4wa09NhXLgQNPBJb-9T0D1FXjo9SLGbYTp95IjrUk_RPedIxQMCPaDljvPqzwQeWxAC5oYD1dN6W943FwiFB1b9BgB-6pABO4fM0ElWdEOJvDSaJ1_SB3G3HnoHRe_4KfaHU-Xo6wd5NDSFvwX1kT4Q.zOxliV5Zp-OEvby_fD6eb3q5UVrXX7DUNcwXWqwXFVY&dib_tag=se&keywords=%E3%83%87%E3%82%B6%E3%82%A4%E3%83%B3%E7%B5%8C%E5%96%B6&qid=1727597188&s=books&sr=1-15,https://m.media-amazon.com/images/I/61TWAqMj-AL._AC_SX148_SY213_QL70_.jpg
https://www.amazon.co.jp/1%E6%99%82%E9%96%93%E3%81%A7%E3%82%8F%E3%81%8B%E3%82%8B%E3%83%87%E3%82%B6%E3%82%A4%E3%83%B3%E7%B5%8C%E5%96%B6-%E3%80%8C%E3%83%87%E3%82%B6%E3%82%A4%E3%83%B3%E7%B5%8C%E5%96%B6%E5%AE%A3%E8%A8%80%E3%80%8D%E3%81%8B%E3%82%89%E6%89%8B%E6%B3%95%E3%81%AE%E6%A7%8B%E9%80%A0%E3%82%92%E8%AA%AD%E3%81%BF%E8%A7%A3%E3%81%8F-%E9%A0%88%E8%97%A4-%E6%85%8E-ebook/dp/B09NNB442Z/ref=mp_s_a_1_16?dib=eyJ2IjoiMSJ9.qnVwhNlRROMY2y_-qpqroX5FRSEws5O7FpJy0NJBa54qZ5TUb_h7aY6kdwyeKhI4wa09NhXLgQNPBJb-9T0D1FXjo9SLGbYTp95IjrUk_RPedIxQMCPaDljvPqzwQeWxAC5oYD1dN6W943FwiFB1b9BgB-6pABO4fM0ElWdEOJvDSaJ1_SB3G3HnoHRe_4KfaHU-Xo6wd5NDSFvwX1kT4Q.zOxliV5Zp-OEvby_fD6eb3q5UVrXX7DUNcwXWqwXFVY&dib_tag=se&keywords=%E3%83%87%E3%82%B6%E3%82%A4%E3%83%B3%E7%B5%8C%E5%96%B6&qid=1727597188&s=books&sr=1-16,https://m.media-amazon.com/images/I/71R691owtJL._AC_SX148_SY213_QL70_.jpg
https://www.amazon.co.jp/%E3%83%87%E3%82%B6%E3%82%A4%E3%83%B3%E3%81%A8%E3%83%93%E3%82%B8%E3%83%8D%E3%82%B9-%E5%89%B5%E9%80%A0%E6%80%A7%E3%82%92%E4%BB%95%E4%BA%8B%E3%81%AB%E6%B4%BB%E3%81%8B%E3%81%99%E3%81%9F%E3%82%81%E3%81%AE%E3%83%96%E3%83%83%E3%82%AF%E3%82%AC%E3%82%A4%E3%83%89-%E5%B2%A9%E5%B5%9C%E5%8D%9A%E8%AB%96/dp/4296117033/ref=mp_s_a_1_17?dib=eyJ2IjoiMSJ9.qnVwhNlRROMY2y_-qpqroX5FRSEws5O7FpJy0NJBa54qZ5TUb_h7aY6kdwyeKhI4wa09NhXLgQNPBJb-9T0D1FXjo9SLGbYTp95IjrUk_RPedIxQMCPaDljvPqzwQeWxAC5oYD1dN6W943FwiFB1b9BgB-6pABO4fM0ElWdEOJvDSaJ1_SB3G3HnoHRe_4KfaHU-Xo6wd5NDSFvwX1kT4Q.zOxliV5Zp-OEvby_fD6eb3q5UVrXX7DUNcwXWqwXFVY&dib_tag=se&keywords=%E3%83%87%E3%82%B6%E3%82%A4%E3%83%B3%E7%B5%8C%E5%96%B6&qid=1727597188&s=books&sr=1-17,https://m.media-amazon.com/images/I/7128vT+GK1L._AC_SX148_SY213_QL70_.jpg
https://www.amazon.co.jp/%E5%8B%9D%E3%81%A1%E6%8A%9C%E3%81%91%E3%82%8B-%E7%B5%8C%E5%96%B6%E8%80%85%E3%81%AE%E3%82%AD%E3%83%A3%E3%83%AA%E3%82%A2%E3%83%87%E3%82%B6%E3%82%A4%E3%83%B3-%E9%87%8E%E6%9C%AC%E7%90%86%E6%81%B5/dp/4295408832/ref=mp_s_a_1_18?dib=eyJ2IjoiMSJ9.qnVwhNlRROMY2y_-qpqroX5FRSEws5O7FpJy0NJBa54qZ5TUb_h7aY6kdwyeKhI4wa09NhXLgQNPBJb-9T0D1FXjo9SLGbYTp95IjrUk_RPedIxQMCPaDljvPqzwQeWxAC5oYD1dN6W943FwiFB1b9BgB-6pABO4fM0ElWdEOJvDSaJ1_SB3G3HnoHRe_4KfaHU-Xo6wd5NDSFvwX1kT4Q.zOxliV5Zp-OEvby_fD6eb3q5UVrXX7DUNcwXWqwXFVY&dib_tag=se&keywords=%E3%83%87%E3%82%B6%E3%82%A4%E3%83%B3%E7%B5%8C%E5%96%B6&qid=1727597188&s=books&sr=1-18,https://m.media-amazon.com/images/I/71uAXhNIfCL._AC_SX148_SY213_QL70_.jpg
https://www.amazon.co.jp/%E3%83%90%E3%83%AB%E3%83%9F%E3%83%A5%E3%83%BC%E3%83%80-%E5%A5%87%E8%B7%A1%E3%81%AE%E3%83%87%E3%82%B6%E3%82%A4%E3%83%B3%E7%B5%8C%E5%96%B6-%E5%AE%88%E5%B1%B1-%E4%B9%85%E5%AD%90/dp/4822264998/ref=sr_1_17?dib=eyJ2IjoiMSJ9.Rfy0vHe5dgwCWMamiVBMMknR7rAAzLa2uSWdbs6PV8lDQ4tWh5jXRHwzakIL5VAoETjzDjysYQ8ZUDsd1pjp6KlEvoYCq3gcCX7ToZSkj1CV54snS5op-f3ZsbKJKpew-q85w_kT8PhJ5PErkmRAIYrNAEU5KBAAhGAw99tiWamolJwOdDKQc9S70H4nqHbeUtwvluj9PGsCkx4fnwreS5ubIz0-VwatKHnjwMf1ZMM.0RQzMfR-nviKBkL9b54ttOI68f7GeNN939eGM2H2j6U&dib_tag=se&keywords=%E3%83%87%E3%82%B6%E3%82%A4%E3%83%B3%E7%B5%8C%E5%96%B6&qid=1727597195&s=books&sr=1-17,https://m.media-amazon.com/images/I/51Ci8rDm70L._AC_UY218_.jpg
https://www.amazon.co.jp/%E4%BC%81%E6%A5%AD%E6%88%90%E9%95%B7%E3%81%AE%E3%83%87%E3%82%B6%E3%82%A4%E3%83%B3%E7%B5%8C%E5%96%B6-%EF%BC%8D%E7%9F%A5%E7%9A%84%E8%B3%87%E7%94%A3%E3%81%AE%E5%89%B5%E9%80%A0%E7%9A%84%E5%88%A9%E7%94%A8%E3%80%81%E3%82%A4%E3%83%8E%E3%83%99%E3%83%BC%E3%82%B7%E3%83%A7%E3%83%B3%E3%81%A8%E4%BA%8B%E6%A5%AD%E6%80%A7%E8%A9%95%E4%BE%A1%EF%BC%8D-%E5%8F%A4%E8%B3%80-%E6%99%BA%E6%95%8F/dp/4495390341/ref=sr_1_18?dib=eyJ2IjoiMSJ9.Rfy0vHe5dgwCWMamiVBMMknR7rAAzLa2uSWdbs6PV8lDQ4tWh5jXRHwzakIL5VAoETjzDjysYQ8ZUDsd1pjp6KlEvoYCq3gcCX7ToZSkj1CV54snS5op-f3ZsbKJKpew-q85w_kT8PhJ5PErkmRAIYrNAEU5KBAAhGAw99tiWamolJwOdDKQc9S70H4nqHbeUtwvluj9PGsCkx4fnwreS5ubIz0-VwatKHnjwMf1ZMM.0RQzMfR-nviKBkL9b54ttOI68f7GeNN939eGM2H2j6U&dib_tag=se&keywords=%E3%83%87%E3%82%B6%E3%82%A4%E3%83%B3%E7%B5%8C%E5%96%B6&qid=1727597195&s=books&sr=1-18,https://m.media-amazon.com/images/I/91cQCm2oCiL._AC_UY218_.jpg
https://www.amazon.co.jp/Branding%E7%B5%8C%E5%96%B6-%E7%A4%BE%E5%93%A1%E3%81%AB%E5%90%91%E3%81%8D%E5%90%88%E3%81%84%E7%B6%9A%E3%81%91%E3%82%8B%E3%81%93%E3%81%A8%E3%81%8C%E3%80%81%E6%9C%80%E8%89%AF%E3%81%AE%E9%81%93-%E9%96%A2%E9%87%8E-%E5%90%89%E8%A8%98/dp/4833452243/ref=sr_1_19?dib=eyJ2IjoiMSJ9.Rfy0vHe5dgwCWMamiVBMMknR7rAAzLa2uSWdbs6PV8lDQ4tWh5jXRHwzakIL5VAoETjzDjysYQ8ZUDsd1pjp6KlEvoYCq3gcCX7ToZSkj1CV54snS5op-f3ZsbKJKpew-q85w_kT8PhJ5PErkmRAIYrNAEU5KBAAhGAw99tiWamolJwOdDKQc9S70H4nqHbeUtwvluj9PGsCkx4fnwreS5ubIz0-VwatKHnjwMf1ZMM.0RQzMfR-nviKBkL9b54ttOI68f7GeNN939eGM2H2j6U&dib_tag=se&keywords=%E3%83%87%E3%82%B6%E3%82%A4%E3%83%B3%E7%B5%8C%E5%96%B6&qid=1727597195&s=books&sr=1-19,https://m.media-amazon.com/images/I/71slHixM4eL._AC_UY218_.jpg
https://www.amazon.co.jp/%E8%87%AA%E5%BE%8B%E5%9E%8B%E7%B5%84%E7%B9%94%E3%82%92%E3%83%87%E3%82%B6%E3%82%A4%E3%83%B3%E3%81%99%E3%82%8B-%E7%B5%8C%E5%96%B6%E3%83%87%E3%82%B6%E3%82%A4%E3%83%B3%E3%82%B7%E3%83%BC%E3%83%88%E3%82%92%E6%B4%BB%E7%94%A8%E3%81%97%E3%81%9F%E7%B5%8C%E5%96%B6%E9%9D%A9%E6%96%B0%E3%81%AE%E9%80%B2%E3%82%81%E6%96%B9-%E4%B8%AD%E6%9D%91-%E6%96%87%E6%98%AD/dp/4496055155/ref=sr_1_20?dib=eyJ2IjoiMSJ9.Rfy0vHe5dgwCWMamiVBMMknR7rAAzLa2uSWdbs6PV8lDQ4tWh5jXRHwzakIL5VAoETjzDjysYQ8ZUDsd1pjp6KlEvoYCq3gcCX7ToZSkj1CV54snS5op-f3ZsbKJKpew-q85w_kT8PhJ5PErkmRAIYrNAEU5KBAAhGAw99tiWamolJwOdDKQc9S70H4nqHbeUtwvluj9PGsCkx4fnwreS5ubIz0-VwatKHnjwMf1ZMM.0RQzMfR-nviKBkL9b54ttOI68f7GeNN939eGM2H2j6U&dib_tag=se&keywords=%E3%83%87%E3%82%B6%E3%82%A4%E3%83%B3%E7%B5%8C%E5%96%B6&qid=1727597195&s=books&sr=1-20,https://m.media-amazon.com/images/I/812awySRWIL._AC_UY218_.jpg
https://www.amazon.co.jp/%E5%AE%9F%E8%B7%B5-%E3%82%B9%E3%82%BF%E3%83%B3%E3%83%95%E3%82%A9%E3%83%BC%E3%83%89%E5%BC%8F-%E3%83%87%E3%82%B6%E3%82%A4%E3%83%B3%E6%80%9D%E8%80%83-%E4%B8%96%E7%95%8C%E4%B8%80%E3%82%AF%E3%83%AA%E3%82%A8%E3%82%A4%E3%83%86%E3%82%A3%E3%83%96%E3%81%AA%E5%95%8F%E9%A1%8C%E8%A7%A3%E6%B1%BA-%E3%81%A7%E3%81%8D%E3%82%8B%E3%83%93%E3%82%B8%E3%83%8D%E3%82%B9/dp/4295007323/ref=sr_1_21?dib=eyJ2IjoiMSJ9.Rfy0vHe5dgwCWMamiVBMMknR7rAAzLa2uSWdbs6PV8lDQ4tWh5jXRHwzakIL5VAoETjzDjysYQ8ZUDsd1pjp6KlEvoYCq3gcCX7ToZSkj1CV54snS5op-f3ZsbKJKpew-q85w_kT8PhJ5PErkmRAIYrNAEU5KBAAhGAw99tiWamolJwOdDKQc9S70H4nqHbeUtwvluj9PGsCkx4fnwreS5ubIz0-VwatKHnjwMf1ZMM.0RQzMfR-nviKBkL9b54ttOI68f7GeNN939eGM2H2j6U&dib_tag=se&keywords=%E3%83%87%E3%82%B6%E3%82%A4%E3%83%B3%E7%B5%8C%E5%96%B6&qid=1727597195&s=books&sr=1-21,https://m.media-amazon.com/images/I/815V2PfQ0eL._AC_UY218_.jpg
https://www.amazon.co.jp/%E3%83%AA%E3%82%B5%E3%83%BC%E3%83%81%E3%83%BB%E3%83%87%E3%82%B6%E3%82%A4%E3%83%B3%E2%80%95%E7%B5%8C%E5%96%B6%E7%9F%A5%E8%AD%98%E5%89%B5%E9%80%A0%E3%81%AE%E5%9F%BA%E6%9C%AC%E6%8A%80%E8%A1%93-%E7%94%B0%E6%9D%91-%E6%AD%A3%E7%B4%80/dp/4561264574/ref=sr_1_22?dib=eyJ2IjoiMSJ9.Rfy0vHe5dgwCWMamiVBMMknR7rAAzLa2uSWdbs6PV8lDQ4tWh5jXRHwzakIL5VAoETjzDjysYQ8ZUDsd1pjp6KlEvoYCq3gcCX7ToZSkj1CV54snS5op-f3ZsbKJKpew-q85w_kT8PhJ5PErkmRAIYrNAEU5KBAAhGAw99tiWamolJwOdDKQc9S70H4nqHbeUtwvluj9PGsCkx4fnwreS5ubIz0-VwatKHnjwMf1ZMM.0RQzMfR-nviKBkL9b54ttOI68f7GeNN939eGM2H2j6U&dib_tag=se&keywords=%E3%83%87%E3%82%B6%E3%82%A4%E3%83%B3%E7%B5%8C%E5%96%B6&qid=1727597195&s=books&sr=1-22,https://m.media-amazon.com/images/I/51njLHi9w0L._AC_UY218_.jpg
https://www.amazon.co.jp/%E4%B8%96%E7%95%8C%E8%A6%B3%E3%81%AE%E3%83%87%E3%82%B6%E3%82%A4%E3%83%B3-%E6%9C%AA%E6%9D%A5%E7%A4%BE%E4%BC%9A%E3%82%92%E6%80%9D%E7%B4%A2%E3%81%99%E3%82%8B%E6%8A%80%E8%A1%93-%E5%B2%A9%E6%B8%95%E6%AD%A3%E6%A8%B9/dp/4295410063/ref=sr_1_23?dib=eyJ2IjoiMSJ9.Rfy0vHe5dgwCWMamiVBMMknR7rAAzLa2uSWdbs6PV8lDQ4tWh5jXRHwzakIL5VAoETjzDjysYQ8ZUDsd1pjp6KlEvoYCq3gcCX7ToZSkj1CV54snS5op-f3ZsbKJKpew-q85w_kT8PhJ5PErkmRAIYrNAEU5KBAAhGAw99tiWamolJwOdDKQc9S70H4nqHbeUtwvluj9PGsCkx4fnwreS5ubIz0-VwatKHnjwMf1ZMM.0RQzMfR-nviKBkL9b54ttOI68f7GeNN939eGM2H2j6U&dib_tag=se&keywords=%E3%83%87%E3%82%B6%E3%82%A4%E3%83%B3%E7%B5%8C%E5%96%B6&qid=1727597195&s=books&sr=1-23,https://m.media-amazon.com/images/I/81ikzuY+v9L._AC_UY218_.jpg
https://www.amazon.co.jp/%E3%82%A4%E3%82%BF%E3%83%AA%E3%82%A2%E3%81%AE%E3%83%87%E3%82%B6%E3%82%A4%E3%83%B3%E7%B5%8C%E5%96%B6-%E2%80%95EV%EF%BC%8C%E3%83%95%E3%82%A1%E3%83%83%E3%82%B7%E3%83%A7%E3%83%B3%EF%BC%8C%E3%82%A4%E3%83%B3%E3%83%86%E3%83%AA%E3%82%A2%E3%81%AE%E4%BA%8B%E4%BE%8B%E2%80%95-%E5%B0%8F%E5%B1%B1%E5%A4%AA%E9%83%8E-ebook/dp/B0CVZY2GY6/ref=sr_1_24?dib=eyJ2IjoiMSJ9.Rfy0vHe5dgwCWMamiVBMMknR7rAAzLa2uSWdbs6PV8lDQ4tWh5jXRHwzakIL5VAoETjzDjysYQ8ZUDsd1pjp6KlEvoYCq3gcCX7ToZSkj1CV54snS5op-f3ZsbKJKpew-q85w_kT8PhJ5PErkmRAIYrNAEU5KBAAhGAw99tiWamolJwOdDKQc9S70H4nqHbeUtwvluj9PGsCkx4fnwreS5ubIz0-VwatKHnjwMf1ZMM.0RQzMfR-nviKBkL9b54ttOI68f7GeNN939eGM2H2j6U&dib_tag=se&keywords=%E3%83%87%E3%82%B6%E3%82%A4%E3%83%B3%E7%B5%8C%E5%96%B6&qid=1727597195&s=books&sr=1-24,https://m.media-amazon.com/images/I/81AtC6trlfL._AC_UY218_.jpg
https://www.amazon.co.jp/sspa/click?ie=UTF8&spc=MTozNTU1MTcwMDcyMTE4MjEyOjE3Mjc1OTcxOTY6c3BfbXRmOjMwMDA1OTIwMDk0NDA2Mjo6MDo6&url=%2F%25E4%25BA%25BA%25E5%258F%25A3%25E6%25B8%259B%25E5%25B0%2591%25E9%2580%2586%25E5%25BC%25B5%25E3%2582%258A%25E3%2583%2593%25E3%2582%25B8%25E3%2583%258D%25E3%2582%25B9-%25E5%258F%25A4%25E7%2594%25B0%25EF%25A7%259C%25E5%25BD%25A6%2Fdp%2F4891014792%2Fref%3Dsr_1_25_sspa%3Fdib%3DeyJ2IjoiMSJ9.Rfy0vHe5dgwCWMamiVBMMknR7rAAzLa2uSWdbs6PV8lDQ4tWh5jXRHwzakIL5VAoETjzDjysYQ8ZUDsd1pjp6KlEvoYCq3gcCX7ToZSkj1CV54snS5op-f3ZsbKJKpew-q85w_kT8PhJ5PErkmRAIYrNAEU5KBAAhGAw99tiWamolJwOdDKQc9S70H4nqHbeUtwvluj9PGsCkx4fnwreS5ubIz0-VwatKHnjwMf1ZMM.0RQzMfR-nviKBkL9b54ttOI68f7GeNN939eGM2H2j6U%26dib_tag%3Dse%26keywords%3D%25E3%2583%2587%25E3%2582%25B6%25E3%2582%25A4%25E3%2583%25B3%25E7%25B5%258C%25E5%2596%25B6%26qid%3D1727597195%26s%3Dbooks%26sr%3D1-25-spons%26sp_csd%3Dd2lkZ2V0TmFtZT1zcF9tdGY%26psc%3D1,https://m.media-amazon.com/images/I/81iMwksgTVL._AC_UY218_.jpg
https://www.amazon.co.jp/sspa/click?ie=UTF8&spc=MTozNTU1MTcwMDcyMTE4MjEyOjE3Mjc1OTcxOTY6c3BfbXRmOjMwMDA1OTIxMjI3ODA2Mjo6MDo6&url=%2F%25E3%2582%25A4%25E3%2583%25B3%25E3%2582%25B5%25E3%2582%25A4%25E3%2583%2588%25E3%2583%2596%25E3%2583%25BC%25E3%2582%25B9%25E3%2583%2588-%25E7%25B5%258C%25E5%2596%25B6%25E6%2588%25A6%25E7%2595%25A5%25E3%2581%25AE%25E5%258A%25B9%25E6%259E%259C%25E3%2582%2592%25E5%25BA%2595%25E4%25B8%258A%25E3%2581%2592%25E3%2581%2599%25E3%2582%258B%25E3%2583%2596%25E3%2583%25A9%25E3%2583%25B3%25E3%2583%2589%25E3%2583%2587%25E3%2582%25B6%25E3%2582%25A4%25E3%2583%25B3%25E3%2581%25AE%25E5%259F%25BA%25E6%259C%25AC-%25E4%25B8%258B%25E7%25B8%25BD%25E8%2589%25AF%25E5%2589%2587%2Fdp%2F4910034196%2Fref%3Dsr_1_26_sspa%3Fdib%3DeyJ2IjoiMSJ9.Rfy0vHe5dgwCWMamiVBMMknR7rAAzLa2uSWdbs6PV8lDQ4tWh5jXRHwzakIL5VAoETjzDjysYQ8ZUDsd1pjp6KlEvoYCq3gcCX7ToZSkj1CV54snS5op-f3ZsbKJKpew-q85w_kT8PhJ5PErkmRAIYrNAEU5KBAAhGAw99tiWamolJwOdDKQc9S70H4nqHbeUtwvluj9PGsCkx4fnwreS5ubIz0-VwatKHnjwMf1ZMM.0RQzMfR-nviKBkL9b54ttOI68f7GeNN939eGM2H2j6U%26dib_tag%3Dse%26keywords%3D%25E3%2583%2587%25E3%2582%25B6%25E3%2582%25A4%25E3%2583%25B3%25E7%25B5%258C%25E5%2596%25B6%26qid%3D1727597195%26s%3Dbooks%26sr%3D1-26-spons%26sp_csd%3Dd2lkZ2V0TmFtZT1zcF9tdGY%26psc%3D1,https://m.media-amazon.com/images/I/61TWAqMj-AL._AC_UY218_.jpg
https://www.amazon.co.jp/%E7%B5%84%E7%B9%94%E3%83%87%E3%82%B6%E3%82%A4%E3%83%B3-%E6%97%A5%E7%B5%8C%E6%96%87%E5%BA%AB-%E6%B2%BC%E4%B8%8A-%E5%B9%B9/dp/4532110238/ref=sr_1_27?dib=eyJ2IjoiMSJ9.Rfy0vHe5dgwCWMamiVBMMknR7rAAzLa2uSWdbs6PV8lDQ4tWh5jXRHwzakIL5VAoETjzDjysYQ8ZUDsd1pjp6KlEvoYCq3gcCX7ToZSkj1CV54snS5op-f3ZsbKJKpew-q85w_kT8PhJ5PErkmRAIYrNAEU5KBAAhGAw99tiWamolJwOdDKQc9S70H4nqHbeUtwvluj9PGsCkx4fnwreS5ubIz0-VwatKHnjwMf1ZMM.0RQzMfR-nviKBkL9b54ttOI68f7GeNN939eGM2H2j6U&dib_tag=se&keywords=%E3%83%87%E3%82%B6%E3%82%A4%E3%83%B3%E7%B5%8C%E5%96%B6&qid=1727597195&s=books&sr=1-27,https://m.media-amazon.com/images/I/71rhkKx0DML._AC_UY218_.jpg
https://www.amazon.co.jp/%E3%83%97%E3%83%AD%E7%B5%8C%E5%96%B6%E8%80%85%E3%83%BBCxO%E3%81%AB%E3%81%AA%E3%82%8B%E4%BA%BA%E3%81%AE%E7%B5%B6%E5%AF%BE%E6%B3%95%E5%89%87-%E8%8D%92%E4%BA%95%E8%A3%95%E4%B9%8B-ebook/dp/B0CCX7GTX4/ref=sr_1_28?dib=eyJ2IjoiMSJ9.Rfy0vHe5dgwCWMamiVBMMknR7rAAzLa2uSWdbs6PV8lDQ4tWh5jXRHwzakIL5VAoETjzDjysYQ8ZUDsd1pjp6KlEvoYCq3gcCX7ToZSkj1CV54snS5op-f3ZsbKJKpew-q85w_kT8PhJ5PErkmRAIYrNAEU5KBAAhGAw99tiWamolJwOdDKQc9S70H4nqHbeUtwvluj9PGsCkx4fnwreS5ubIz0-VwatKHnjwMf1ZMM.0RQzMfR-nviKBkL9b54ttOI68f7GeNN939eGM2H2j6U&dib_tag=se&keywords=%E3%83%87%E3%82%B6%E3%82%A4%E3%83%B3%E7%B5%8C%E5%96%B6&qid=1727597195&s=books&sr=1-28,https://m.media-amazon.com/images/I/71Duk-IU-nL._AC_UY218_.jpg
https://www.amazon.co.jp/%E3%83%87%E3%82%B6%E3%82%A4%E3%83%B3%E3%80%81%E3%82%A2%E3%83%BC%E3%83%88%E3%80%81%E3%82%A4%E3%83%8E%E3%83%99%E3%83%BC%E3%82%B7%E3%83%A7%E3%83%B3-%E6%A3%AE%E6%B0%B8%E6%B3%B0%E5%8F%B2-ebook/dp/B09CCQC1FL/ref=sr_1_29?dib=eyJ2IjoiMSJ9.Rfy0vHe5dgwCWMamiVBMMknR7rAAzLa2uSWdbs6PV8lDQ4tWh5jXRHwzakIL5VAoETjzDjysYQ8ZUDsd1pjp6KlEvoYCq3gcCX7ToZSkj1CV54snS5op-f3ZsbKJKpew-q85w_kT8PhJ5PErkmRAIYrNAEU5KBAAhGAw99tiWamolJwOdDKQc9S70H4nqHbeUtwvluj9PGsCkx4fnwreS5ubIz0-VwatKHnjwMf1ZMM.0RQzMfR-nviKBkL9b54ttOI68f7GeNN939eGM2H2j6U&dib_tag=se&keywords=%E3%83%87%E3%82%B6%E3%82%A4%E3%83%B3%E7%B5%8C%E5%96%B6&qid=1727597195&s=books&sr=1-29,https://m.media-amazon.com/images/I/61XHhvXa5QL._AC_UY218_.jpg
https://www.amazon.co.jp/%E3%80%8C%E5%A3%B2%E3%82%8B%E3%80%8D%E3%81%8B%E3%82%89%E3%80%81%E3%80%8C%E5%A3%B2%E3%82%8C%E3%82%8B%E3%80%8D%E3%81%B8%E3%80%82-%E6%B0%B4%E9%87%8E%E5%AD%A6%E3%81%AE%E3%83%96%E3%83%A9%E3%83%B3%E3%83%87%E3%82%A3%E3%83%B3%E3%82%B0%E3%83%87%E3%82%B6%E3%82%A4%E3%83%B3%E8%AC%9B%E7%BE%A9-%E6%B0%B4%E9%87%8E-%E5%AD%A6/dp/4416115156/ref=sr_1_30?dib=eyJ2IjoiMSJ9.Rfy0vHe5dgwCWMamiVBMMknR7rAAzLa2uSWdbs6PV8lDQ4tWh5jXRHwzakIL5VAoETjzDjysYQ8ZUDsd1pjp6KlEvoYCq3gcCX7ToZSkj1CV54snS5op-f3ZsbKJKpew-q85w_kT8PhJ5PErkmRAIYrNAEU5KBAAhGAw99tiWamolJwOdDKQc9S70H4nqHbeUtwvluj9PGsCkx4fnwreS5ubIz0-VwatKHnjwMf1ZMM.0RQzMfR-nviKBkL9b54ttOI68f7GeNN939eGM2H2j6U&dib_tag=se&keywords=%E3%83%87%E3%82%B6%E3%82%A4%E3%83%B3%E7%B5%8C%E5%96%B6&qid=1727597195&s=books&sr=1-30,https://m.media-amazon.com/images/I/5167HMLYivL._AC_UY218_.jpg
https://www.amazon.co.jp/gp/bestsellers/books/502746/ref=sr_bs_14_502746_1,https://m.media-amazon.com/images/I/515XxSy6KpL._AC_UY218_.jpg
https://www.amazon.co.jp/%E7%BE%8E%E5%A4%A7%E5%BC%8F-%E3%83%93%E3%82%B8%E3%83%8D%E3%82%B9%E3%83%91%E3%83%BC%E3%82%BD%E3%83%B3%E3%81%AE%E3%83%87%E3%82%B6%E3%82%A4%E3%83%B3%E5%85%A5%E9%96%80-%E7%A8%B2%E8%91%89-%E8%A3%95%E7%BE%8E/dp/4798183180/ref=sr_1_32?dib=eyJ2IjoiMSJ9.Rfy0vHe5dgwCWMamiVBMMknR7rAAzLa2uSWdbs6PV8lDQ4tWh5jXRHwzakIL5VAoETjzDjysYQ8ZUDsd1pjp6KlEvoYCq3gcCX7ToZSkj1CV54snS5op-f3ZsbKJKpew-q85w_kT8PhJ5PErkmRAIYrNAEU5KBAAhGAw99tiWamolJwOdDKQc9S70H4nqHbeUtwvluj9PGsCkx4fnwreS5ubIz0-VwatKHnjwMf1ZMM.0RQzMfR-nviKBkL9b54ttOI68f7GeNN939eGM2H2j6U&dib_tag=se&keywords=%E3%83%87%E3%82%B6%E3%82%A4%E3%83%B3%E7%B5%8C%E5%96%B6&qid=1727597195&s=books&sr=1-32,https://m.media-amazon.com/images/I/61hZlhrfjFL._AC_UY218_.jpg
https://www.amazon.co.jp/A4%E4%B8%80%E6%9E%9A%E3%81%A7%E6%88%90%E6%9E%9C%E3%82%92%E5%87%BA%E3%81%99-%E3%81%BE%E3%82%93%E3%81%8C%E3%81%A7%E3%82%8F%E3%81%8B%E3%82%8B%E7%B5%8C%E5%96%B6%E8%A8%88%E7%94%BB%E3%81%AE%E4%BD%9C%E3%82%8A%E6%96%B9%E3%80%81%E9%80%B2%E3%82%81%E6%96%B9-%E5%AE%AE%E5%86%85%E5%81%A5%E6%AC%A1/dp/4863102011/ref=sr_1_33?dib=eyJ2IjoiMSJ9.Rfy0vHe5dgwCWMamiVBMMknR7rAAzLa2uSWdbs6PV8lDQ4tWh5jXRHwzakIL5VAoETjzDjysYQ8ZUDsd1pjp6KlEvoYCq3gcCX7ToZSkj1CV54snS5op-f3ZsbKJKpew-q85w_kT8PhJ5PErkmRAIYrNAEU5KBAAhGAw99tiWamolJwOdDKQc9S70H4nqHbeUtwvluj9PGsCkx4fnwreS5ubIz0-VwatKHnjwMf1ZMM.0RQzMfR-nviKBkL9b54ttOI68f7GeNN939eGM2H2j6U&dib_tag=se&keywords=%E3%83%87%E3%82%B6%E3%82%A4%E3%83%B3%E7%B5%8C%E5%96%B6&qid=1727597195&s=books&sr=1-33,https://m.media-amazon.com/images/I/81MEtpdoQBL._AC_UY218_.jpg
https://www.amazon.co.jp/%E7%B5%8C%E5%96%B6%E7%AE%A1%E7%90%86%E3%82%B7%E3%82%B9%E3%83%86%E3%83%A0%E3%82%92%E3%83%87%E3%82%B6%E3%82%A4%E3%83%B3%E3%81%99%E3%82%8B-%E7%89%A7%E8%AA%A0%E8%B2%A1%E5%9B%A3%E7%A0%94%E7%A9%B6%E5%8F%A2%E6%9B%B8-14-%E9%A3%9B%E7%94%B0-%E5%8A%AA/dp/4502382914/ref=sr_1_34?dib=eyJ2IjoiMSJ9.Rfy0vHe5dgwCWMamiVBMMknR7rAAzLa2uSWdbs6PV8lDQ4tWh5jXRHwzakIL5VAoETjzDjysYQ8ZUDsd1pjp6KlEvoYCq3gcCX7ToZSkj1CV54snS5op-f3ZsbKJKpew-q85w_kT8PhJ5PErkmRAIYrNAEU5KBAAhGAw99tiWamolJwOdDKQc9S70H4nqHbeUtwvluj9PGsCkx4fnwreS5ubIz0-VwatKHnjwMf1ZMM.0RQzMfR-nviKBkL9b54ttOI68f7GeNN939eGM2H2j6U&dib_tag=se&keywords=%E3%83%87%E3%82%B6%E3%82%A4%E3%83%B3%E7%B5%8C%E5%96%B6&qid=1727597195&s=books&sr=1-34,https://m.media-amazon.com/images/I/61+SAsfO6KL._AC_UY218_.jpg
https://www.amazon.co.jp/sspa/click?ie=UTF8&spc=MTozNTU1MTcwMDcyMTE4MjEyOjE3Mjc1OTcxOTY6c3BfYnRmOjEwNjM5MzI2MjMwMTo6MDo6&url=%2F%25E3%2583%2596%25E3%2583%25A9%25E3%2583%25B3%25E3%2583%2587%25E3%2582%25A3%25E3%2583%25B3%25E3%2582%25B0%25E3%2583%2587%25E3%2582%25B6%25E3%2582%25A4%25E3%2583%25B3%25E3%2581%25AE%25E6%2595%2599%25E7%25A7%2591%25E6%259B%25B8-%25E8%25A5%25BF%25E6%25BE%25A4-%25E6%2598%258E%25E6%25B4%258B%2Fdp%2F4756252524%2Fref%3Dsr_1_35_sspa%3Fdib%3DeyJ2IjoiMSJ9.Rfy0vHe5dgwCWMamiVBMMknR7rAAzLa2uSWdbs6PV8lDQ4tWh5jXRHwzakIL5VAoETjzDjysYQ8ZUDsd1pjp6KlEvoYCq3gcCX7ToZSkj1CV54snS5op-f3ZsbKJKpew-q85w_kT8PhJ5PErkmRAIYrNAEU5KBAAhGAw99tiWamolJwOdDKQc9S70H4nqHbeUtwvluj9PGsCkx4fnwreS5ubIz0-VwatKHnjwMf1ZMM.0RQzMfR-nviKBkL9b54ttOI68f7GeNN939eGM2H2j6U%26dib_tag%3Dse%26keywords%3D%25E3%2583%2587%25E3%2582%25B6%25E3%2582%25A4%25E3%2583%25B3%25E7%25B5%258C%25E5%2596%25B6%26qid%3D1727597195%26s%3Dbooks%26sr%3D1-35-spons%26sp_csd%3Dd2lkZ2V0TmFtZT1zcF9idGY%26psc%3D1,https://m.media-amazon.com/images/I/617MYh+mHpL._AC_UY218_.jpg
https://www.amazon.co.jp/sspa/click?ie=UTF8&spc=MTozNTU1MTcwMDcyMTE4MjEyOjE3Mjc1OTcxOTY6c3BfYnRmOjMwMDA2MDY3MzQxNDE2Mjo6MDo6&url=%2F%25E3%2583%2587%25E3%2582%25B6%25E3%2582%25A4%25E3%2583%258A%25E3%2583%25BC%25E3%2581%25AE%25E3%2581%25A8%25E3%2581%25AA%25E3%2582%258A%25E3%2581%25A7%25E4%25BB%2595%25E4%25BA%258B%25E3%2582%2592%25E8%25A6%258B%25E3%2581%25A6%25E3%2581%2584%25E3%2582%258B%25E6%25B0%2597%25E5%2588%2586-%25E3%2580%258C%25E3%2581%259D%25E3%2581%25AE%25E3%2583%2587%25E3%2582%25B6%25E3%2582%25A4%25E3%2583%25B3%25E3%2580%2581%25E3%2581%25A9%25E3%2581%2586%25E3%2582%2584%25E3%2581%25A3%25E3%2581%25A6%25E4%25BD%259C%25E3%2582%258B%25E3%2581%25AE%25EF%25BC%259F%25E3%2580%258D%25E3%2581%258C%25E5%2588%2586%25E3%2581%258B%25E3%2582%258B%25E3%2580%2581%25E3%2583%2587%25E3%2582%25B6%25E3%2582%25A4%25E3%2583%25B3%25E3%2581%25AE%25E5%258F%2582%25E8%2580%2583%25E6%259B%25B8-%25E6%25A3%25AE%25E7%2594%25B0-%25E5%2595%2593%25E4%25B8%2580%2Fdp%2F4798179434%2Fref%3Dsr_1_36_sspa%3Fdib%3DeyJ2IjoiMSJ9.Rfy0vHe5dgwCWMamiVBMMknR7rAAzLa2uSWdbs6PV8lDQ4tWh5jXRHwzakIL5VAoETjzDjysYQ8ZUDsd1pjp6KlEvoYCq3gcCX7ToZSkj1CV54snS5op-f3ZsbKJKpew-q85w_kT8PhJ5PErkmRAIYrNAEU5KBAAhGAw99tiWamolJwOdDKQc9S70H4nqHbeUtwvluj9PGsCkx4fnwreS5ubIz0-VwatKHnjwMf1ZMM.0RQzMfR-nviKBkL9b54ttOI68f7GeNN939eGM2H2j6U%26dib_tag%3Dse%26keywords%3D%25E3%2583%2587%25E3%2582%25B6%25E3%2582%25A4%25E3%2583%25B3%25E7%25B5%258C%25E5%2596%25B6%26qid%3D1727597195%26s%3Dbooks%26sr%3D1-36-spons%26sp_csd%3Dd2lkZ2V0TmFtZT1zcF9idGY%26psc%3D1,https://m.media-amazon.com/images/I/71yZr+s6NNL._AC_UY218_.jpg
https://www.amazon.co.jp/sspa/click?ie=UTF8&spc=MTozNTU1MTcwMDcyMTE4MjEyOjE3Mjc1OTcxOTY6c3BfYnRmOjMwMDA0MjAxMzY3NTA2Mjo6MDo6&url=%2F%25E3%2580%258C%25E5%25A4%25A7%25E6%259A%25B4%25E8%2590%25BD%25E3%2580%258D-%25E9%2587%2591%25E8%259E%258D%25E3%2583%2590%25E3%2583%2596%25E3%2583%25AB%25E5%25A4%25A7%25E5%25B4%25A9%25E5%25A3%258A%25E3%2581%25A8%25E6%2597%25A5%25E6%259C%25AC%25E7%25A0%25B4%25E7%25B6%25BB%25E3%2581%25AE%25E3%2582%25B7%25E3%2583%258A%25E3%2583%25AA%25E3%2582%25AA-%25E3%2582%25B8%25E3%2583%25A0%25E3%2583%25BB%25E3%2583%25AD%25E3%2582%25B8%25E3%2583%25A3%25E3%2583%25BC%25E3%2582%25BA%2Fdp%2F483345243X%2Fref%3Dsr_1_37_sspa%3Fdib%3DeyJ2IjoiMSJ9.Rfy0vHe5dgwCWMamiVBMMknR7rAAzLa2uSWdbs6PV8lDQ4tWh5jXRHwzakIL5VAoETjzDjysYQ8ZUDsd1pjp6KlEvoYCq3gcCX7ToZSkj1CV54snS5op-f3ZsbKJKpew-q85w_kT8PhJ5PErkmRAIYrNAEU5KBAAhGAw99tiWamolJwOdDKQc9S70H4nqHbeUtwvluj9PGsCkx4fnwreS5ubIz0-VwatKHnjwMf1ZMM.0RQzMfR-nviKBkL9b54ttOI68f7GeNN939eGM2H2j6U%26dib_tag%3Dse%26keywords%3D%25E3%2583%2587%25E3%2582%25B6%25E3%2582%25A4%25E3%2583%25B3%25E7%25B5%258C%25E5%2596%25B6%26qid%3D1727597195%26s%3Dbooks%26sr%3D1-37-spons%26sp_csd%3Dd2lkZ2V0TmFtZT1zcF9idGY%26psc%3D1,https://m.media-amazon.com/images/I/81B6r1-8EJL._AC_UY218_.jpg
https://www.amazon.co.jp/sspa/click?ie=UTF8&spc=MTozNTU1MTcwMDcyMTE4MjEyOjE3Mjc1OTcxOTY6c3BfYnRmOjMwMDA0MTYyMjU1Mjk2Mjo6MDo6&url=%2F%25E3%2583%2597%25E3%2583%25AD%25E3%2581%25A3%25E3%2581%25BD%25E3%2581%2584%25E3%2582%25BB%25E3%2583%25B3%25E3%2582%25B9%25E3%2581%258C%25E8%25BA%25AB%25E3%2581%25AB%25E3%2581%25A4%25E3%2581%258F-%25E3%2583%2587%25E3%2582%25B6%25E3%2582%25A4%25E3%2583%25B3%25E3%2581%25AE%25E3%2581%258D%25E3%2581%25BB%25E3%2582%2593-%25E6%259C%25A8%25E6%259D%2591%25E5%25AE%258F%25E6%2598%258E%2Fdp%2F4800730384%2Fref%3Dsr_1_38_sspa%3Fdib%3DeyJ2IjoiMSJ9.Rfy0vHe5dgwCWMamiVBMMknR7rAAzLa2uSWdbs6PV8lDQ4tWh5jXRHwzakIL5VAoETjzDjysYQ8ZUDsd1pjp6KlEvoYCq3gcCX7ToZSkj1CV54snS5op-f3ZsbKJKpew-q85w_kT8PhJ5PErkmRAIYrNAEU5KBAAhGAw99tiWamolJwOdDKQc9S70H4nqHbeUtwvluj9PGsCkx4fnwreS5ubIz0-VwatKHnjwMf1ZMM.0RQzMfR-nviKBkL9b54ttOI68f7GeNN939eGM2H2j6U%26dib_tag%3Dse%26keywords%3D%25E3%2583%2587%25E3%2582%25B6%25E3%2582%25A4%25E3%2583%25B3%25E7%25B5%258C%25E5%2596%25B6%26qid%3D1727597195%26s%3Dbooks%26sr%3D1-38-spons%26sp_csd%3Dd2lkZ2V0TmFtZT1zcF9idGY%26psc%3D1,https://m.media-amazon.com/images/I/718lNxuj+EL._AC_UY218_.jpg
https://www.amazon.co.jp/%E3%80%8C%E5%A3%B2%E3%82%8B%E3%80%8D%E3%81%8B%E3%82%89%E3%80%81%E3%80%8C%E5%A3%B2%E3%82%8C%E3%82%8B%E3%80%8D%E3%81%B8%E3%80%82-%E6%B0%B4%E9%87%8E%E5%AD%A6%E3%81%AE%E3%83%96%E3%83%A9%E3%83%B3%E3%83%87%E3%82%A3%E3%83%B3%E3%82%B0%E3%83%87%E3%82%B6%E3%82%A4%E3%83%B3%E8%AC%9B%E7%BE%A9-%E6%B0%B4%E9%87%8E-%E5%AD%A6/dp/4416115156/ref=mp_s_a_1_29?dib=eyJ2IjoiMSJ9._3TU2uFMkIvjyewsWFUSrIRQY3UYxrSyJwus7qDfqsnz8RZzij1LxYhUK89QSzi1Sc3u8AE18zCS1_kOqnpa0GUPDcRtbuqLlrhiwWWx3D5gDWnE8-kdFmBDIlmy0wX8y8DrIxJKezQhWxNTgjEz0dLtJINGmvDhACJu5pVgXT-LG9ixX2TVm9VQsi_6VtTuLPxj2oR6Y3H_0PA6SbmWYQ.9Ez347jZUSjKkZusH1KZXAGigR2QQhwzsPuWWK8hlqg&dib_tag=se&keywords=%E3%83%87%E3%82%B6%E3%82%A4%E3%83%B3%E7%B5%8C%E5%96%B6&qid=1727597203&s=books&sr=1-29,https://m.media-amazon.com/images/I/5167HMLYivL._AC_SX148_SY213_QL70_.jpg
https://www.amazon.co.jp/%E3%82%B5%E3%83%B3%E3%83%97%E3%83%AB%E3%83%87%E3%83%BC%E3%82%BFDL%E7%89%B9%E5%85%B8%E4%BB%98%E3%81%8D-%E8%B3%87%E6%96%99%E4%BD%9C%E6%88%90%E3%83%87%E3%82%B6%E3%82%A4%E3%83%B3%E3%82%A2%E3%82%A4%E3%83%87%E3%82%A2%E5%9B%B3%E9%91%91-%E8%8F%85-%E6%96%B0%E6%B1%B0/dp/4295018708/ref=mp_s_a_1_30?dib=eyJ2IjoiMSJ9._3TU2uFMkIvjyewsWFUSrIRQY3UYxrSyJwus7qDfqsnz8RZzij1LxYhUK89QSzi1Sc3u8AE18zCS1_kOqnpa0GUPDcRtbuqLlrhiwWWx3D5gDWnE8-kdFmBDIlmy0wX8y8DrIxJKezQhWxNTgjEz0dLtJINGmvDhACJu5pVgXT-LG9ixX2TVm9VQsi_6VtTuLPxj2oR6Y3H_0PA6SbmWYQ.9Ez347jZUSjKkZusH1KZXAGigR2QQhwzsPuWWK8hlqg&dib_tag=se&keywords=%E3%83%87%E3%82%B6%E3%82%A4%E3%83%B3%E7%B5%8C%E5%96%B6&qid=1727597203&s=books&sr=1-30,https://m.media-amazon.com/images/I/71QIk5djNuL._AC_SX148_SY213_QL70_.jpg
https://www.amazon.co.jp/%E7%BE%8E%E5%A4%A7%E5%BC%8F-%E3%83%93%E3%82%B8%E3%83%8D%E3%82%B9%E3%83%91%E3%83%BC%E3%82%BD%E3%83%B3%E3%81%AE%E3%83%87%E3%82%B6%E3%82%A4%E3%83%B3%E5%85%A5%E9%96%80-%E7%A8%B2%E8%91%89-%E8%A3%95%E7%BE%8E/dp/4798183180/ref=mp_s_a_1_31?dib=eyJ2IjoiMSJ9._3TU2uFMkIvjyewsWFUSrIRQY3UYxrSyJwus7qDfqsnz8RZzij1LxYhUK89QSzi1Sc3u8AE18zCS1_kOqnpa0GUPDcRtbuqLlrhiwWWx3D5gDWnE8-kdFmBDIlmy0wX8y8DrIxJKezQhWxNTgjEz0dLtJINGmvDhACJu5pVgXT-LG9ixX2TVm9VQsi_6VtTuLPxj2oR6Y3H_0PA6SbmWYQ.9Ez347jZUSjKkZusH1KZXAGigR2QQhwzsPuWWK8hlqg&dib_tag=se&keywords=%E3%83%87%E3%82%B6%E3%82%A4%E3%83%B3%E7%B5%8C%E5%96%B6&qid=1727597203&s=books&sr=1-31,https://m.media-amazon.com/images/I/61hZlhrfjFL._AC_SX148_SY213_QL70_.jpg
https://www.amazon.co.jp/A4%E4%B8%80%E6%9E%9A%E3%81%A7%E6%88%90%E6%9E%9C%E3%82%92%E5%87%BA%E3%81%99-%E3%81%BE%E3%82%93%E3%81%8C%E3%81%A7%E3%82%8F%E3%81%8B%E3%82%8B%E7%B5%8C%E5%96%B6%E8%A8%88%E7%94%BB%E3%81%AE%E4%BD%9C%E3%82%8A%E6%96%B9%E3%80%81%E9%80%B2%E3%82%81%E6%96%B9-%E5%AE%AE%E5%86%85%E5%81%A5%E6%AC%A1/dp/4863102011/ref=mp_s_a_1_32?dib=eyJ2IjoiMSJ9._3TU2uFMkIvjyewsWFUSrIRQY3UYxrSyJwus7qDfqsnz8RZzij1LxYhUK89QSzi1Sc3u8AE18zCS1_kOqnpa0GUPDcRtbuqLlrhiwWWx3D5gDWnE8-kdFmBDIlmy0wX8y8DrIxJKezQhWxNTgjEz0dLtJINGmvDhACJu5pVgXT-LG9ixX2TVm9VQsi_6VtTuLPxj2oR6Y3H_0PA6SbmWYQ.9Ez347jZUSjKkZusH1KZXAGigR2QQhwzsPuWWK8hlqg&dib_tag=se&keywords=%E3%83%87%E3%82%B6%E3%82%A4%E3%83%B3%E7%B5%8C%E5%96%B6&qid=1727597203&s=books&sr=1-32,https://m.media-amazon.com/images/I/81MEtpdoQBL._AC_SX148_SY213_QL70_.jpg
https://www.amazon.co.jp/%E7%B5%8C%E5%96%B6%E7%AE%A1%E7%90%86%E3%82%B7%E3%82%B9%E3%83%86%E3%83%A0%E3%82%92%E3%83%87%E3%82%B6%E3%82%A4%E3%83%B3%E3%81%99%E3%82%8B-%E7%89%A7%E8%AA%A0%E8%B2%A1%E5%9B%A3%E7%A0%94%E7%A9%B6%E5%8F%A2%E6%9B%B8-14-%E9%A3%9B%E7%94%B0-%E5%8A%AA/dp/4502382914/ref=mp_s_a_1_33?dib=eyJ2IjoiMSJ9._3TU2uFMkIvjyewsWFUSrIRQY3UYxrSyJwus7qDfqsnz8RZzij1LxYhUK89QSzi1Sc3u8AE18zCS1_kOqnpa0GUPDcRtbuqLlrhiwWWx3D5gDWnE8-kdFmBDIlmy0wX8y8DrIxJKezQhWxNTgjEz0dLtJINGmvDhACJu5pVgXT-LG9ixX2TVm9VQsi_6VtTuLPxj2oR6Y3H_0PA6SbmWYQ.9Ez347jZUSjKkZusH1KZXAGigR2QQhwzsPuWWK8hlqg&dib_tag=se&keywords=%E3%83%87%E3%82%B6%E3%82%A4%E3%83%B3%E7%B5%8C%E5%96%B6&qid=1727597203&s=books&sr=1-33,https://m.media-amazon.com/images/I/61+SAsfO6KL._AC_SX148_SY213_QL70_.jpg
https://www.amazon.co.jp/%E3%83%87%E3%82%B6%E3%82%A4%E3%83%B3%E6%80%9D%E8%80%83%E3%81%8C%E4%B8%96%E7%95%8C%E3%82%92%E5%A4%89%E3%81%88%E3%82%8B%E3%80%94%E3%82%A2%E3%83%83%E3%83%97%E3%83%87%E3%83%BC%E3%83%88%E7%89%88%E3%80%95-%E3%82%A4%E3%83%8E%E3%83%99%E3%83%BC%E3%82%B7%E3%83%A7%E3%83%B3%E3%82%92%E5%B0%8E%E3%81%8F%E6%96%B0%E3%81%97%E3%81%84%E8%80%83%E3%81%88%E6%96%B9-%E3%83%86%E3%82%A3%E3%83%A0-%E3%83%96%E3%83%A9%E3%82%A6%E3%83%B3-ebook/dp/B081H5K3TQ/ref=mp_s_a_1_34?dib=eyJ2IjoiMSJ9._3TU2uFMkIvjyewsWFUSrIRQY3UYxrSyJwus7qDfqsnz8RZzij1LxYhUK89QSzi1Sc3u8AE18zCS1_kOqnpa0GUPDcRtbuqLlrhiwWWx3D5gDWnE8-kdFmBDIlmy0wX8y8DrIxJKezQhWxNTgjEz0dLtJINGmvDhACJu5pVgXT-LG9ixX2TVm9VQsi_6VtTuLPxj2oR6Y3H_0PA6SbmWYQ.9Ez347jZUSjKkZusH1KZXAGigR2QQhwzsPuWWK8hlqg&dib_tag=se&keywords=%E3%83%87%E3%82%B6%E3%82%A4%E3%83%B3%E7%B5%8C%E5%96%B6&qid=1727597203&s=books&sr=1-34,https://m.media-amazon.com/images/I/71VA+DY0fnL._AC_SX148_SY213_QL70_.jpg
https://www.amazon.co.jp/%E3%80%8C%E3%83%87%E3%82%B6%E3%82%A4%E3%83%B3%E5%8A%9B%C3%97%E7%B5%8C%E5%96%B6%E5%8A%9B%E3%80%8D%E3%81%AE%E6%95%99%E7%A7%91%E6%9B%B8-%E8%A5%BF%E5%B0%BE%E9%A0%86/dp/4991107407/ref=mp_s_a_1_35?dib=eyJ2IjoiMSJ9._3TU2uFMkIvjyewsWFUSrIRQY3UYxrSyJwus7qDfqsnz8RZzij1LxYhUK89QSzi1Sc3u8AE18zCS1_kOqnpa0GUPDcRtbuqLlrhiwWWx3D5gDWnE8-kdFmBDIlmy0wX8y8DrIxJKezQhWxNTgjEz0dLtJINGmvDhACJu5pVgXT-LG9ixX2TVm9VQsi_6VtTuLPxj2oR6Y3H_0PA6SbmWYQ.9Ez347jZUSjKkZusH1KZXAGigR2QQhwzsPuWWK8hlqg&dib_tag=se&keywords=%E3%83%87%E3%82%B6%E3%82%A4%E3%83%B3%E7%B5%8C%E5%96%B6&qid=1727597203&s=books&sr=1-35,https://m.media-amazon.com/images/I/610ShoP0USL._AC_SX148_SY213_QL70_.jpg
https://www.amazon.co.jp/sspa/click?ie=UTF8&spc=MTo2NjMzMTU3MzY3MTY3MDQxOjE3Mjc1OTcyMDM6c3BfcGhvbmVfc2VhcmNoX210ZjozMDAwNTkyMTIyNzgwNjI6OjA6Og&url=%2F%25E3%2582%25A4%25E3%2583%25B3%25E3%2582%25B5%25E3%2582%25A4%25E3%2583%2588%25E3%2583%2596%25E3%2583%25BC%25E3%2582%25B9%25E3%2583%2588-%25E7%25B5%258C%25E5%2596%25B6%25E6%2588%25A6%25E7%2595%25A5%25E3%2581%25AE%25E5%258A%25B9%25E6%259E%259C%25E3%2582%2592%25E5%25BA%2595%25E4%25B8%258A%25E3%2581%2592%25E3%2581%2599%25E3%2582%258B%25E3%2583%2596%25E3%2583%25A9%25E3%2583%25B3%25E3%2583%2589%25E3%2583%2587%25E3%2582%25B6%25E3%2582%25A4%25E3%2583%25B3%25E3%2581%25AE%25E5%259F%25BA%25E6%259C%25AC-%25E4%25B8%258B%25E7%25B8%25BD%25E8%2589%25AF%25E5%2589%2587%2Fdp%2F4910034196%2Fref%3Dmp_s_a_1_36_sspa%3Fdib%3DeyJ2IjoiMSJ9._3TU2uFMkIvjyewsWFUSrIRQY3UYxrSyJwus7qDfqsnz8RZzij1LxYhUK89QSzi1Sc3u8AE18zCS1_kOqnpa0GUPDcRtbuqLlrhiwWWx3D5gDWnE8-kdFmBDIlmy0wX8y8DrIxJKezQhWxNTgjEz0dLtJINGmvDhACJu5pVgXT-LG9ixX2TVm9VQsi_6VtTuLPxj2oR6Y3H_0PA6SbmWYQ.9Ez347jZUSjKkZusH1KZXAGigR2QQhwzsPuWWK8hlqg%26dib_tag%3Dse%26keywords%3D%25E3%2583%2587%25E3%2582%25B6%25E3%2582%25A4%25E3%2583%25B3%25E7%25B5%258C%25E5%2596%25B6%26qid%3D1727597203%26s%3Dbooks%26sr%3D1-36-spons%26sp_csd%3Dd2lkZ2V0TmFtZT1zcF9waG9uZV9zZWFyY2hfbXRm%26psc%3D1,https://m.media-amazon.com/images/I/61TWAqMj-AL._AC_SX148_SY213_QL70_.jpg
https://www.amazon.co.jp/sspa/click?ie=UTF8&spc=MTo2NjMzMTU3MzY3MTY3MDQxOjE3Mjc1OTcyMDM6c3BfcGhvbmVfc2VhcmNoX210ZjozMDAwNjA2NzM0MTQxNjI6OjA6Og&url=%2F%25E3%2583%2587%25E3%2582%25B6%25E3%2582%25A4%25E3%2583%258A%25E3%2583%25BC%25E3%2581%25AE%25E3%2581%25A8%25E3%2581%25AA%25E3%2582%258A%25E3%2581%25A7%25E4%25BB%2595%25E4%25BA%258B%25E3%2582%2592%25E8%25A6%258B%25E3%2581%25A6%25E3%2581%2584%25E3%2582%258B%25E6%25B0%2597%25E5%2588%2586-%25E3%2580%258C%25E3%2581%259D%25E3%2581%25AE%25E3%2583%2587%25E3%2582%25B6%25E3%2582%25A4%25E3%2583%25B3%25E3%2580%2581%25E3%2581%25A9%25E3%2581%2586%25E3%2582%2584%25E3%2581%25A3%25E3%2581%25A6%25E4%25BD%259C%25E3%2582%258B%25E3%2581%25AE%25EF%25BC%259F%25E3%2580%258D%25E3%2581%258C%25E5%2588%2586%25E3%2581%258B%25E3%2582%258B%25E3%2580%2581%25E3%2583%2587%25E3%2582%25B6%25E3%2582%25A4%25E3%2583%25B3%25E3%2581%25AE%25E5%258F%2582%25E8%2580%2583%25E6%259B%25B8-%25E6%25A3%25AE%25E7%2594%25B0-%25E5%2595%2593%25E4%25B8%2580%2Fdp%2F4798179434%2Fref%3Dmp_s_a_1_37_sspa%3Fdib%3DeyJ2IjoiMSJ9._3TU2uFMkIvjyewsWFUSrIRQY3UYxrSyJwus7qDfqsnz8RZzij1LxYhUK89QSzi1Sc3u8AE18zCS1_kOqnpa0GUPDcRtbuqLlrhiwWWx3D5gDWnE8-kdFmBDIlmy0wX8y8DrIxJKezQhWxNTgjEz0dLtJINGmvDhACJu5pVgXT-LG9ixX2TVm9VQsi_6VtTuLPxj2oR6Y3H_0PA6SbmWYQ.9Ez347jZUSjKkZusH1KZXAGigR2QQhwzsPuWWK8hlqg%26dib_tag%3Dse%26keywords%3D%25E3%2583%2587%25E3%2582%25B6%25E3%2582%25A4%25E3%2583%25B3%25E7%25B5%258C%25E5%2596%25B6%26qid%3D1727597203%26s%3Dbooks%26sr%3D1-37-spons%26sp_csd%3Dd2lkZ2V0TmFtZT1zcF9waG9uZV9zZWFyY2hfbXRm%26psc%3D1,https://m.media-amazon.com/images/I/71yZr+s6NNL._AC_SX148_SY213_QL70_.jpg
https://www.amazon.co.jp/%E7%B5%8C%E5%96%B6%E3%81%AF%E3%83%87%E3%82%B6%E3%82%A4%E3%83%B3%E3%81%9D%E3%81%AE%E3%82%82%E3%81%AE%E3%81%A7%E3%81%82%E3%82%8B-%E5%8D%9A%E5%A0%B1%E5%A0%82%E3%82%B3%E3%83%B3%E3%82%B5%E3%83%AB%E3%83%86%E3%82%A3%E3%83%B3%E3%82%B0-ebook/dp/B00JJBMD74/ref=mp_s_a_1_38?dib=eyJ2IjoiMSJ9._3TU2uFMkIvjyewsWFUSrIRQY3UYxrSyJwus7qDfqsnz8RZzij1LxYhUK89QSzi1Sc3u8AE18zCS1_kOqnpa0GUPDcRtbuqLlrhiwWWx3D5gDWnE8-kdFmBDIlmy0wX8y8DrIxJKezQhWxNTgjEz0dLtJINGmvDhACJu5pVgXT-LG9ixX2TVm9VQsi_6VtTuLPxj2oR6Y3H_0PA6SbmWYQ.9Ez347jZUSjKkZusH1KZXAGigR2QQhwzsPuWWK8hlqg&dib_tag=se&keywords=%E3%83%87%E3%82%B6%E3%82%A4%E3%83%B3%E7%B5%8C%E5%96%B6&qid=1727597203&s=books&sr=1-38,https://m.media-amazon.com/images/I/81l1hkYar3L._AC_SX148_SY213_QL70_.jpg
https://www.amazon.co.jp/%E3%83%87%E3%82%B6%E3%82%A4%E3%83%B3%E3%83%87%E3%82%A3%E3%83%AC%E3%82%AF%E3%82%B7%E3%83%A7%E3%83%B3%E3%83%BB%E3%83%96%E3%83%83%E3%82%AF-%E3%80%8C%E7%9A%84%E7%A2%BA%E3%81%AA%E3%83%87%E3%82%B6%E3%82%A4%E3%83%B3%E3%80%8D%E3%81%AE%E3%81%9F%E3%82%81%E3%81%AB%E3%80%81-%E3%83%93%E3%82%B8%E3%83%8D%E3%82%B9%E3%83%91%E3%83%BC%E3%82%BD%E3%83%B3%E3%81%8C%E3%83%87%E3%82%A3%E3%83%AC%E3%82%AF%E3%82%B7%E3%83%A7%E3%83%B3%E3%82%92%E3%81%8D%E3%81%A1%E3%82%93%E3%81%A8%E8%A1%8C%E3%81%88%E3%82%8B%E3%82%88%E3%81%86%E3%81%AB%E3%81%AA%E3%82%8B%E3%81%9F%E3%82%81%E3%81%AE%E3%82%AC%E3%82%A4%E3%83%89-%E6%A9%8B%E6%9C%AC-%E9%99%BD%E5%A4%AB/dp/4839981817/ref=mp_s_a_1_39?dib=eyJ2IjoiMSJ9._3TU2uFMkIvjyewsWFUSrIRQY3UYxrSyJwus7qDfqsnz8RZzij1LxYhUK89QSzi1Sc3u8AE18zCS1_kOqnpa0GUPDcRtbuqLlrhiwWWx3D5gDWnE8-kdFmBDIlmy0wX8y8DrIxJKezQhWxNTgjEz0dLtJINGmvDhACJu5pVgXT-LG9ixX2TVm9VQsi_6VtTuLPxj2oR6Y3H_0PA6SbmWYQ.9Ez347jZUSjKkZusH1KZXAGigR2QQhwzsPuWWK8hlqg&dib_tag=se&keywords=%E3%83%87%E3%82%B6%E3%82%A4%E3%83%B3%E7%B5%8C%E5%96%B6&qid=1727597203&s=books&sr=1-39,https://m.media-amazon.com/images/I/71byUFsW0gL._AC_SX148_SY213_QL70_.jpg
https://www.amazon.co.jp/%E5%9C%B0%E5%9F%9F%E6%95%99%E8%82%B2%E7%B5%8C%E5%96%B6%E8%AB%96-%E5%AD%A6%E3%81%B3%E7%B6%9A%E3%81%91%E3%82%89%E3%82%8C%E3%82%8B%E5%9C%B0%E5%9F%9F%E7%A4%BE%E4%BC%9A%E3%81%AE%E3%83%87%E3%82%B6%E3%82%A4%E3%83%B3-%E8%8D%BB%E9%87%8E%E4%BA%AE%E5%90%BE/dp/4866922230/ref=mp_s_a_1_40?dib=eyJ2IjoiMSJ9._3TU2uFMkIvjyewsWFUSrIRQY3UYxrSyJwus7qDfqsnz8RZzij1LxYhUK89QSzi1Sc3u8AE18zCS1_kOqnpa0GUPDcRtbuqLlrhiwWWx3D5gDWnE8-kdFmBDIlmy0wX8y8DrIxJKezQhWxNTgjEz0dLtJINGmvDhACJu5pVgXT-LG9ixX2TVm9VQsi_6VtTuLPxj2oR6Y3H_0PA6SbmWYQ.9Ez347jZUSjKkZusH1KZXAGigR2QQhwzsPuWWK8hlqg&dib_tag=se&keywords=%E3%83%87%E3%82%B6%E3%82%A4%E3%83%B3%E7%B5%8C%E5%96%B6&qid=1727597203&s=books&sr=1-40,https://m.media-amazon.com/images/I/71Jm27v+YiL._AC_SX148_SY213_QL70_.jpg
https://www.amazon.co.jp/sspa/click?ie=UTF8&spc=MTo2NjMzMTU3MzY3MTY3MDQxOjE3Mjc1OTcyMDM6c3BfcGhvbmVfc2VhcmNoX210ZjozMDAwMjM1ODQ2MjM4NjI6OjA6Og&url=%2F%25E3%2583%2587%25E3%2582%25B6%25E3%2582%25A4%25E3%2583%25B3%25E3%2582%2592%25E3%2580%2581%25E7%25B5%258C%25E5%2596%25B6%25E3%2581%25AE%25E3%2581%259D%25E3%2581%25B0%25E3%2581%25AB%25E3%2580%2582-%25E5%2585%25AB%25E6%259C%25A8-%25E5%25BD%25A9%2Fdp%2F4761277130%2Fref%3Dmp_s_a_1_41_sspa%3Fdib%3DeyJ2IjoiMSJ9._3TU2uFMkIvjyewsWFUSrIRQY3UYxrSyJwus7qDfqsnz8RZzij1LxYhUK89QSzi1Sc3u8AE18zCS1_kOqnpa0GUPDcRtbuqLlrhiwWWx3D5gDWnE8-kdFmBDIlmy0wX8y8DrIxJKezQhWxNTgjEz0dLtJINGmvDhACJu5pVgXT-LG9ixX2TVm9VQsi_6VtTuLPxj2oR6Y3H_0PA6SbmWYQ.9Ez347jZUSjKkZusH1KZXAGigR2QQhwzsPuWWK8hlqg%26dib_tag%3Dse%26keywords%3D%25E3%2583%2587%25E3%2582%25B6%25E3%2582%25A4%25E3%2583%25B3%25E7%25B5%258C%25E5%2596%25B6%26qid%3D1727597203%26s%3Dbooks%26sr%3D1-41-spons%26sp_csd%3Dd2lkZ2V0TmFtZT1zcF9waG9uZV9zZWFyY2hfbXRm%26psc%3D1,https://m.media-amazon.com/images/I/71CGbYN7WXL._AC_SX148_SY213_QL70_.jpg
https://www.amazon.co.jp/%E3%83%87%E3%82%B6%E3%82%A4%E3%83%B3%E3%82%B7%E3%82%B9%E3%83%86%E3%83%A0%E3%81%AE%E8%82%B2%E3%81%A6%E6%96%B9-%E7%B6%99%E7%B6%9A%E7%9A%84%E3%81%AA%E9%80%B2%E5%8C%96%E3%81%A8%E6%94%B9%E5%96%84%E3%81%AE%E3%81%9F%E3%82%81%E3%81%AE%E3%82%A2%E3%83%97%E3%83%AD%E3%83%BC%E3%83%81-%E3%83%80%E3%83%B3%E3%83%BB%E3%83%A2%E3%83%BC%E3%83%AB/dp/4802511892/ref=mp_s_a_1_42?dib=eyJ2IjoiMSJ9._3TU2uFMkIvjyewsWFUSrIRQY3UYxrSyJwus7qDfqsnz8RZzij1LxYhUK89QSzi1Sc3u8AE18zCS1_kOqnpa0GUPDcRtbuqLlrhiwWWx3D5gDWnE8-kdFmBDIlmy0wX8y8DrIxJKezQhWxNTgjEz0dLtJINGmvDhACJu5pVgXT-LG9ixX2TVm9VQsi_6VtTuLPxj2oR6Y3H_0PA6SbmWYQ.9Ez347jZUSjKkZusH1KZXAGigR2QQhwzsPuWWK8hlqg&dib_tag=se&keywords=%E3%83%87%E3%82%B6%E3%82%A4%E3%83%B3%E7%B5%8C%E5%96%B6&qid=1727597203&s=books&sr=1-42,https://m.media-amazon.com/images/I/71HqPHl1k0L._AC_SX148_SY213_QL70_.jpg
https://www.amazon.co.jp/%E3%81%BE%E3%82%93%E3%81%8C%E3%81%A7%E3%82%8F%E3%81%8B%E3%82%8B%E3%83%87%E3%82%B6%E3%82%A4%E3%83%B3%E6%80%9D%E8%80%83-%E5%9D%82%E5%85%83%E5%8B%B2-ebook/dp/B0777J5NWZ/ref=mp_s_a_1_43?dib=eyJ2IjoiMSJ9._3TU2uFMkIvjyewsWFUSrIRQY3UYxrSyJwus7qDfqsnz8RZzij1LxYhUK89QSzi1Sc3u8AE18zCS1_kOqnpa0GUPDcRtbuqLlrhiwWWx3D5gDWnE8-kdFmBDIlmy0wX8y8DrIxJKezQhWxNTgjEz0dLtJINGmvDhACJu5pVgXT-LG9ixX2TVm9VQsi_6VtTuLPxj2oR6Y3H_0PA6SbmWYQ.9Ez347jZUSjKkZusH1KZXAGigR2QQhwzsPuWWK8hlqg&dib_tag=se&keywords=%E3%83%87%E3%82%B6%E3%82%A4%E3%83%B3%E7%B5%8C%E5%96%B6&qid=1727597203&s=books&sr=1-43,https://m.media-amazon.com/images/I/81j4OsJm2eL._AC_SX148_SY213_QL70_.jpg
https://www.amazon.co.jp/AI%E3%81%A8%E7%A4%BE%E4%BC%9A%E3%83%BB%E7%B5%8C%E6%B8%88%E3%83%BB%E3%83%93%E3%82%B8%E3%83%8D%E3%82%B9%E3%81%AE%E3%83%87%E3%82%B6%E3%82%A4%E3%83%B3%EF%BC%BB%E5%A2%97%E8%A3%9C%E7%89%88%EF%BC%BD-%E9%83%BD%E5%B8%82%E7%B5%8C%E5%96%B6%E7%A0%94%E7%A9%B6%E5%8F%A2%E6%9B%B8%EF%BC%93-%E6%9D%91%E4%B8%8A-%E6%86%B2%E9%83%8E/dp/4535587817/ref=mp_s_a_1_44?dib=eyJ2IjoiMSJ9._3TU2uFMkIvjyewsWFUSrIRQY3UYxrSyJwus7qDfqsnz8RZzij1LxYhUK89QSzi1Sc3u8AE18zCS1_kOqnpa0GUPDcRtbuqLlrhiwWWx3D5gDWnE8-kdFmBDIlmy0wX8y8DrIxJKezQhWxNTgjEz0dLtJINGmvDhACJu5pVgXT-LG9ixX2TVm9VQsi_6VtTuLPxj2oR6Y3H_0PA6SbmWYQ.9Ez347jZUSjKkZusH1KZXAGigR2QQhwzsPuWWK8hlqg&dib_tag=se&keywords=%E3%83%87%E3%82%B6%E3%82%A4%E3%83%B3%E7%B5%8C%E5%96%B6&qid=1727597203&s=books&sr=1-44,https://m.media-amazon.com/images/I/61GqZpSKzeL._AC_SX148_SY213_QL70_.jpg
https://www.amazon.co.jp/BCG%E3%81%8C%E8%AA%AD%E3%82%80%E7%B5%8C%E5%96%B6%E3%81%AE%E8%AB%96%E7%82%B92024-%E3%83%9C%E3%82%B9%E3%83%88%E3%83%B3-%E3%82%B3%E3%83%B3%E3%82%B5%E3%83%AB%E3%83%86%E3%82%A3%E3%83%B3%E3%82%B0-%E3%82%B0%E3%83%AB%E3%83%BC%E3%83%97/dp/4296001701/ref=mp_s_a_1_45?dib=eyJ2IjoiMSJ9._3TU2uFMkIvjyewsWFUSrIRQY3UYxrSyJwus7qDfqsnz8RZzij1LxYhUK89QSzi1Sc3u8AE18zCS1_kOqnpa0GUPDcRtbuqLlrhiwWWx3D5gDWnE8-kdFmBDIlmy0wX8y8DrIxJKezQhWxNTgjEz0dLtJINGmvDhACJu5pVgXT-LG9ixX2TVm9VQsi_6VtTuLPxj2oR6Y3H_0PA6SbmWYQ.9Ez347jZUSjKkZusH1KZXAGigR2QQhwzsPuWWK8hlqg&dib_tag=se&keywords=%E3%83%87%E3%82%B6%E3%82%A4%E3%83%B3%E7%B5%8C%E5%96%B6&qid=1727597203&s=books&sr=1-45,https://m.media-amazon.com/images/I/71r3G4Z6nDL._AC_SX148_SY213_QL70_.jpg
https://www.amazon.co.jp/%E7%90%86%E5%BF%B5%E7%B5%8C%E5%96%B62-0-%E2%94%80%E2%94%80-%E4%BC%9A%E7%A4%BE%E3%81%AE%E3%80%8C%E7%90%86%E6%83%B3%E3%81%A8%E6%88%A6%E7%95%A5%E3%80%8D%E3%82%92%E3%81%A4%E3%81%AA%E3%81%907%E3%81%A4%E3%81%AE%E3%82%B9%E3%83%86%E3%83%83%E3%83%97-%E4%BD%90%E5%AE%97-%E9%82%A6%E5%A8%81/dp/4478114501/ref=sr_1_49?dib=eyJ2IjoiMSJ9.MHeK2h0OtFS-8kLCpE8pPRGZFiyS0pMyHCqdf6h3NIixk7GHmc6VX3BF7y3LyWgiL3_eMtpTVwVXzBKICRhjcuOjrpoeuQzpnKkpEcRKf4ORMfW8_Fk7cEcTReBTYmkN6AU9bjbABKhsAVaLBpMUu7ISbxaTDrW-nxaMgXVHgLaVVlILXNlucAqwCh5HOFzHed4mjoqdXK2n8fFgInWvi4IZ16TqhQ116a6l1jTe4MA.AEjnjgYTT2_t0L1ji1koR2sDQb9FrsVYPO-3Oc9XN0Y&dib_tag=se&keywords=%E3%83%87%E3%82%B6%E3%82%A4%E3%83%B3%E7%B5%8C%E5%96%B6&qid=1727597211&s=books&sr=1-49,https://m.media-amazon.com/images/I/81g4vHRxWLL._AC_UY218_.jpg
https://www.amazon.co.jp/gp/bestsellers/books/505262/ref=sr_bs_1_505262_1,https://m.media-amazon.com/images/I/41yrLCLOwKS._AC_UY218_.jpg
https://www.amazon.co.jp/%E3%83%96%E3%83%A9%E3%83%B3%E3%83%87%E3%82%A3%E3%83%B3%E3%82%B0%E3%83%87%E3%82%B6%E3%82%A4%E3%83%B3-%E3%83%A6%E3%83%8B%E3%83%BC%E3%82%AF%E3%83%BB%E5%BA%83%E3%81%8C%E3%82%8B%E3%83%BB%E6%A9%9F%E8%83%BD%E3%81%99%E3%82%8B%E3%83%87%E3%82%B6%E3%82%A4%E3%83%B3%E3%81%AE%E8%80%83%E3%81%88%E6%96%B9-%E4%B8%8B%E5%B7%9D-%E5%A4%A7%E5%8A%A9/dp/4295206598/ref=sr_1_51?dib=eyJ2IjoiMSJ9.MHeK2h0OtFS-8kLCpE8pPRGZFiyS0pMyHCqdf6h3NIixk7GHmc6VX3BF7y3LyWgiL3_eMtpTVwVXzBKICRhjcuOjrpoeuQzpnKkpEcRKf4ORMfW8_Fk7cEcTReBTYmkN6AU9bjbABKhsAVaLBpMUu7ISbxaTDrW-nxaMgXVHgLaVVlILXNlucAqwCh5HOFzHed4mjoqdXK2n8fFgInWvi4IZ16TqhQ116a6l1jTe4MA.AEjnjgYTT2_t0L1ji1koR2sDQb9FrsVYPO-3Oc9XN0Y&dib_tag=se&keywords=%E3%83%87%E3%82%B6%E3%82%A4%E3%83%B3%E7%B5%8C%E5%96%B6&qid=1727597211&s=books&sr=1-51,https://m.media-amazon.com/images/I/61Bm+8k+lpL._AC_UY218_.jpg
https://www.amazon.co.jp/%E8%80%83%E3%81%88%E3%82%8B%E9%81%93%E6%A8%99%E3%81%A8%E3%81%97%E3%81%A6%E3%81%AE%E7%B5%8C%E5%96%B6%E6%88%A6%E7%95%A5-%E3%81%93%E3%82%8C%E3%81%8B%E3%82%89%E3%81%AE%E3%80%8C%E4%BA%8B%E6%A5%AD%E6%88%A6%E7%95%A5%E3%80%8D%E3%81%A8%E3%80%8C%E5%85%A8%E7%A4%BE%E6%88%A6%E7%95%A5%E3%80%8D%E3%82%92%E3%83%87%E3%82%B6%E3%82%A4%E3%83%B3%E3%81%99%E3%82%8B-%E6%9D%BE%E7%94%B0-%E5%8D%83%E6%81%B5%E5%AD%90/dp/4534060211/ref=sr_1_52?dib=eyJ2IjoiMSJ9.MHeK2h0OtFS-8kLCpE8pPRGZFiyS0pMyHCqdf6h3NIixk7GHmc6VX3BF7y3LyWgiL3_eMtpTVwVXzBKICRhjcuOjrpoeuQzpnKkpEcRKf4ORMfW8_Fk7cEcTReBTYmkN6AU9bjbABKhsAVaLBpMUu7ISbxaTDrW-nxaMgXVHgLaVVlILXNlucAqwCh5HOFzHed4mjoqdXK2n8fFgInWvi4IZ16TqhQ116a6l1jTe4MA.AEjnjgYTT2_t0L1ji1koR2sDQb9FrsVYPO-3Oc9XN0Y&dib_tag=se&keywords=%E3%83%87%E3%82%B6%E3%82%A4%E3%83%B3%E7%B5%8C%E5%96%B6&qid=1727597211&s=books&sr=1-52,https://m.media-amazon.com/images/I/71z28kUIULL._AC_UY218_.jpg
https://www.amazon.co.jp/%E3%83%87%E3%82%B6%E3%82%A4%E3%83%B3%E3%83%9E%E3%83%8D%E3%82%B8%E3%83%A1%E3%83%B3%E3%83%88-%E7%94%B0%E5%AD%90-%E5%AD%B8-%E6%85%B6%E6%87%89%E7%BE%A9%E5%A1%BE%E5%A4%A7%E5%AD%A6%E5%A4%A7%E5%AD%A6%E9%99%A2%E7%89%B9%E4%BB%BB%E6%95%99%E6%8E%88-%E3%82%A8%E3%83%A0%E3%83%86%E3%83%89%E4%BB%A3%E8%A1%A8/dp/4822276295/ref=sr_1_53?dib=eyJ2IjoiMSJ9.MHeK2h0OtFS-8kLCpE8pPRGZFiyS0pMyHCqdf6h3NIixk7GHmc6VX3BF7y3LyWgiL3_eMtpTVwVXzBKICRhjcuOjrpoeuQzpnKkpEcRKf4ORMfW8_Fk7cEcTReBTYmkN6AU9bjbABKhsAVaLBpMUu7ISbxaTDrW-nxaMgXVHgLaVVlILXNlucAqwCh5HOFzHed4mjoqdXK2n8fFgInWvi4IZ16TqhQ116a6l1jTe4MA.AEjnjgYTT2_t0L1ji1koR2sDQb9FrsVYPO-3Oc9XN0Y&dib_tag=se&keywords=%E3%83%87%E3%82%B6%E3%82%A4%E3%83%B3%E7%B5%8C%E5%96%B6&qid=1727597211&s=books&sr=1-53,https://m.media-amazon.com/images/I/81UgmrGjKwL._AC_UY218_.jpg
https://www.amazon.co.jp/UX%E3%83%87%E3%82%B6%E3%82%A4%E3%83%B3%E3%81%AE%E6%95%99%E7%A7%91%E6%9B%B8-%E5%AE%89%E8%97%A4-%E6%98%8C%E4%B9%9F/dp/4621300377/ref=sr_1_54?dib=eyJ2IjoiMSJ9.MHeK2h0OtFS-8kLCpE8pPRGZFiyS0pMyHCqdf6h3NIixk7GHmc6VX3BF7y3LyWgiL3_eMtpTVwVXzBKICRhjcuOjrpoeuQzpnKkpEcRKf4ORMfW8_Fk7cEcTReBTYmkN6AU9bjbABKhsAVaLBpMUu7ISbxaTDrW-nxaMgXVHgLaVVlILXNlucAqwCh5HOFzHed4mjoqdXK2n8fFgInWvi4IZ16TqhQ116a6l1jTe4MA.AEjnjgYTT2_t0L1ji1koR2sDQb9FrsVYPO-3Oc9XN0Y&dib_tag=se&keywords=%E3%83%87%E3%82%B6%E3%82%A4%E3%83%B3%E7%B5%8C%E5%96%B6&qid=1727597211&s=books&sr=1-54,https://m.media-amazon.com/images/I/71R4vqFZrQL._AC_UY218_.jpg
https://www.amazon.co.jp/%E3%83%87%E3%82%B6%E3%82%A4%E3%83%B3%E3%83%BB%E3%83%95%E3%83%A5%E3%83%BC%E3%83%81%E3%83%A3%E3%83%AA%E3%83%B3%E3%82%B0-%E6%9C%AA%E6%9D%A5%E3%82%92%E6%8E%A2%E3%82%8A%E3%80%81%E5%A4%89%E5%8C%96%E3%81%AB%E5%B0%8E%E3%81%8F%E6%80%9D%E8%80%83%E3%83%84%E3%83%BC%E3%83%AB-%E3%83%99%E3%83%8D%E3%83%87%E3%82%A3%E3%82%AF%E3%83%88%E3%83%BB%E3%82%B0%E3%83%AD%E3%83%BC%E3%82%B9/dp/4802513054/ref=sr_1_55?dib=eyJ2IjoiMSJ9.MHeK2h0OtFS-8kLCpE8pPRGZFiyS0pMyHCqdf6h3NIixk7GHmc6VX3BF7y3LyWgiL3_eMtpTVwVXzBKICRhjcuOjrpoeuQzpnKkpEcRKf4ORMfW8_Fk7cEcTReBTYmkN6AU9bjbABKhsAVaLBpMUu7ISbxaTDrW-nxaMgXVHgLaVVlILXNlucAqwCh5HOFzHed4mjoqdXK2n8fFgInWvi4IZ16TqhQ116a6l1jTe4MA.AEjnjgYTT2_t0L1ji1koR2sDQb9FrsVYPO-3Oc9XN0Y&dib_tag=se&keywords=%E3%83%87%E3%82%B6%E3%82%A4%E3%83%B3%E7%B5%8C%E5%96%B6&qid=1727597211&s=books&sr=1-55,https://m.media-amazon.com/images/I/71YQiaqCk+L._AC_UY218_.jpg
https://www.amazon.co.jp/%E4%B8%80%E7%94%9F%E4%BD%BF%E3%81%88%E3%82%8B%E8%A6%8B%E3%82%84%E3%81%99%E3%81%84%E8%B3%87%E6%96%99%E3%81%AE%E3%83%87%E3%82%B6%E3%82%A4%E3%83%B3%E5%85%A5%E9%96%80-%E5%AE%8C%E5%85%A8%E7%89%88-%E6%A3%AE%E9%87%8D%E6%B9%A7%E5%A4%AA/dp/4295018511/ref=sr_1_56?dib=eyJ2IjoiMSJ9.MHeK2h0OtFS-8kLCpE8pPRGZFiyS0pMyHCqdf6h3NIixk7GHmc6VX3BF7y3LyWgiL3_eMtpTVwVXzBKICRhjcuOjrpoeuQzpnKkpEcRKf4ORMfW8_Fk7cEcTReBTYmkN6AU9bjbABKhsAVaLBpMUu7ISbxaTDrW-nxaMgXVHgLaVVlILXNlucAqwCh5HOFzHed4mjoqdXK2n8fFgInWvi4IZ16TqhQ116a6l1jTe4MA.AEjnjgYTT2_t0L1ji1koR2sDQb9FrsVYPO-3Oc9XN0Y&dib_tag=se&keywords=%E3%83%87%E3%82%B6%E3%82%A4%E3%83%B3%E7%B5%8C%E5%96%B6&qid=1727597211&s=books&sr=1-56,https://m.media-amazon.com/images/I/71L9zbjENYL._AC_UY218_.jpg
https://www.amazon.co.jp/sspa/click?ie=UTF8&spc=MTo3MDIxMDMxODAyMjU3MjQ0OjE3Mjc1OTcyMTE6c3BfbXRmOjMwMDA1OTIxMjI3ODA2Mjo6MDo6&url=%2F%25E3%2582%25A4%25E3%2583%25B3%25E3%2582%25B5%25E3%2582%25A4%25E3%2583%2588%25E3%2583%2596%25E3%2583%25BC%25E3%2582%25B9%25E3%2583%2588-%25E7%25B5%258C%25E5%2596%25B6%25E6%2588%25A6%25E7%2595%25A5%25E3%2581%25AE%25E5%258A%25B9%25E6%259E%259C%25E3%2582%2592%25E5%25BA%2595%25E4%25B8%258A%25E3%2581%2592%25E3%2581%2599%25E3%2582%258B%25E3%2583%2596%25E3%2583%25A9%25E3%2583%25B3%25E3%2583%2589%25E3%2583%2587%25E3%2582%25B6%25E3%2582%25A4%25E3%2583%25B3%25E3%2581%25AE%25E5%259F%25BA%25E6%259C%25AC-%25E4%25B8%258B%25E7%25B8%25BD%25E8%2589%25AF%25E5%2589%2587%2Fdp%2F4910034196%2Fref%3Dsr_1_57_sspa%3Fdib%3DeyJ2IjoiMSJ9.MHeK2h0OtFS-8kLCpE8pPRGZFiyS0pMyHCqdf6h3NIixk7GHmc6VX3BF7y3LyWgiL3_eMtpTVwVXzBKICRhjcuOjrpoeuQzpnKkpEcRKf4ORMfW8_Fk7cEcTReBTYmkN6AU9bjbABKhsAVaLBpMUu7ISbxaTDrW-nxaMgXVHgLaVVlILXNlucAqwCh5HOFzHed4mjoqdXK2n8fFgInWvi4IZ16TqhQ116a6l1jTe4MA.AEjnjgYTT2_t0L1ji1koR2sDQb9FrsVYPO-3Oc9XN0Y%26dib_tag%3Dse%26keywords%3D%25E3%2583%2587%25E3%2582%25B6%25E3%2582%25A4%25E3%2583%25B3%25E7%25B5%258C%25E5%2596%25B6%26qid%3D1727597211%26s%3Dbooks%26sr%3D1-57-spons%26sp_csd%3Dd2lkZ2V0TmFtZT1zcF9tdGY%26psc%3D1,https://m.media-amazon.com/images/I/61TWAqMj-AL._AC_UY218_.jpg
https://www.amazon.co.jp/sspa/click?ie=UTF8&spc=MTo3MDIxMDMxODAyMjU3MjQ0OjE3Mjc1OTcyMTE6c3BfbXRmOjMwMDA2MDY3MzQxNDE2Mjo6MDo6&url=%2F%25E3%2583%2587%25E3%2582%25B6%25E3%2582%25A4%25E3%2583%258A%25E3%2583%25BC%25E3%2581%25AE%25E3%2581%25A8%25E3%2581%25AA%25E3%2582%258A%25E3%2581%25A7%25E4%25BB%2595%25E4%25BA%258B%25E3%2582%2592%25E8%25A6%258B%25E3%2581%25A6%25E3%2581%2584%25E3%2582%258B%25E6%25B0%2597%25E5%2588%2586-%25E3%2580%258C%25E3%2581%259D%25E3%2581%25AE%25E3%2583%2587%25E3%2582%25B6%25E3%2582%25A4%25E3%2583%25B3%25E3%2580%2581%25E3%2581%25A9%25E3%2581%2586%25E3%2582%2584%25E3%2581%25A3%25E3%2581%25A6%25E4%25BD%259C%25E3%2582%258B%25E3%2581%25AE%25EF%25BC%259F%25E3%2580%258D%25E3%2581%258C%25E5%2588%2586%25E3%2581%258B%25E3%2582%258B%25E3%2580%2581%25E3%2583%2587%25E3%2582%25B6%25E3%2582%25A4%25E3%2583%25B3%25E3%2581%25AE%25E5%258F%2582%25E8%2580%2583%25E6%259B%25B8-%25E6%25A3%25AE%25E7%2594%25B0-%25E5%2595%2593%25E4%25B8%2580%2Fdp%2F4798179434%2Fref%3Dsr_1_58_sspa%3Fdib%3DeyJ2IjoiMSJ9.MHeK2h0OtFS-8kLCpE8pPRGZFiyS0pMyHCqdf6h3NIixk7GHmc6VX3BF7y3LyWgiL3_eMtpTVwVXzBKICRhjcuOjrpoeuQzpnKkpEcRKf4ORMfW8_Fk7cEcTReBTYmkN6AU9bjbABKhsAVaLBpMUu7ISbxaTDrW-nxaMgXVHgLaVVlILXNlucAqwCh5HOFzHed4mjoqdXK2n8fFgInWvi4IZ16TqhQ116a6l1jTe4MA.AEjnjgYTT2_t0L1ji1koR2sDQb9FrsVYPO-3Oc9XN0Y%26dib_tag%3Dse%26keywords%3D%25E3%2583%2587%25E3%2582%25B6%25E3%2582%25A4%25E3%2583%25B3%25E7%25B5%258C%25E5%2596%25B6%26qid%3D1727597211%26s%3Dbooks%26sr%3D1-58-spons%26sp_csd%3Dd2lkZ2V0TmFtZT1zcF9tdGY%26psc%3D1,https://m.media-amazon.com/images/I/71yZr+s6NNL._AC_UY218_.jpg
https://www.amazon.co.jp/%E3%82%A2%E3%82%A4%E3%83%87%E3%82%A2%E3%81%8C%E5%AE%9F%E3%82%8A%E7%B6%9A%E3%81%91%E3%82%8B%E3%80%8C%E5%A0%B4%E3%80%8D%E3%81%AE%E3%83%87%E3%82%B6%E3%82%A4%E3%83%B3-%E6%96%B0%E8%A6%8F%E4%BA%8B%E6%A5%AD%E3%81%8C%E7%94%9F%E3%81%BE%E3%82%8C%E3%82%8B%E7%B5%84%E7%B9%94%E3%82%92%E3%81%A4%E3%81%8F%E3%82%8B6%E3%81%A4%E3%81%AE%E3%82%A2%E3%83%97%E3%83%AD%E3%83%BC%E3%83%81-%E5%B0%8F%E7%94%B0-%E8%A3%95%E5%92%8C/dp/479818375X/ref=sr_1_59?dib=eyJ2IjoiMSJ9.MHeK2h0OtFS-8kLCpE8pPRGZFiyS0pMyHCqdf6h3NIixk7GHmc6VX3BF7y3LyWgiL3_eMtpTVwVXzBKICRhjcuOjrpoeuQzpnKkpEcRKf4ORMfW8_Fk7cEcTReBTYmkN6AU9bjbABKhsAVaLBpMUu7ISbxaTDrW-nxaMgXVHgLaVVlILXNlucAqwCh5HOFzHed4mjoqdXK2n8fFgInWvi4IZ16TqhQ116a6l1jTe4MA.AEjnjgYTT2_t0L1ji1koR2sDQb9FrsVYPO-3Oc9XN0Y&dib_tag=se&keywords=%E3%83%87%E3%82%B6%E3%82%A4%E3%83%B3%E7%B5%8C%E5%96%B6&qid=1727597211&s=books&sr=1-59,https://m.media-amazon.com/images/I/81c8nCkdnKL._AC_UY218_.jpg
https://www.amazon.co.jp/%E3%82%AA%E3%83%B3%E3%83%A9%E3%82%A4%E3%83%B3%E3%83%97%E3%83%A9%E3%83%83%E3%83%88%E3%83%95%E3%82%A9%E3%83%BC%E3%83%A0%E3%81%AE%E7%B5%8C%E5%96%B6-%E3%83%A6%E3%83%BC%E3%82%B6%E3%83%BC%E5%8F%82%E5%8A%A0%E3%82%92%E4%BF%83%E3%81%99%E3%83%A1%E3%82%AB%E3%83%8B%E3%82%BA%E3%83%A0%E3%81%AE%E3%83%87%E3%82%B6%E3%82%A4%E3%83%B3-%E8%A5%BF%E5%B1%B1-%E6%B5%A9%E5%B9%B3/dp/4561267514/ref=sr_1_60?dib=eyJ2IjoiMSJ9.MHeK2h0OtFS-8kLCpE8pPRGZFiyS0pMyHCqdf6h3NIixk7GHmc6VX3BF7y3LyWgiL3_eMtpTVwVXzBKICRhjcuOjrpoeuQzpnKkpEcRKf4ORMfW8_Fk7cEcTReBTYmkN6AU9bjbABKhsAVaLBpMUu7ISbxaTDrW-nxaMgXVHgLaVVlILXNlucAqwCh5HOFzHed4mjoqdXK2n8fFgInWvi4IZ16TqhQ116a6l1jTe4MA.AEjnjgYTT2_t0L1ji1koR2sDQb9FrsVYPO-3Oc9XN0Y&dib_tag=se&keywords=%E3%83%87%E3%82%B6%E3%82%A4%E3%83%B3%E7%B5%8C%E5%96%B6&qid=1727597211&s=books&sr=1-60,https://m.media-amazon.com/images/I/51iJS4eVfCL._AC_UY218_.jpg
https://www.amazon.co.jp/%E6%96%B0%E3%81%97%E3%81%84%E3%80%88%E3%83%93%E3%82%B8%E3%83%8D%E3%82%B9%E3%83%87%E3%82%B6%E3%82%A4%E3%83%B3%E3%80%89%E3%81%AE%E6%95%99%E7%A7%91%E6%9B%B8-%E6%96%B0%E8%A6%8F%E4%BA%8B%E6%A5%AD%E3%81%AE%E7%9D%80%E6%83%B3%E3%81%8B%E3%82%89%E5%AE%9F%E7%8F%BE%E3%81%BE%E3%81%A7-%EF%BC%AB%EF%BC%B3%E7%A7%91%E5%AD%A6%E4%B8%80%E8%88%AC%E6%9B%B8-%E6%B9%8A%E5%AE%A3%E6%98%8E-ebook/dp/B09WMQP2YK/ref=sr_1_61?dib=eyJ2IjoiMSJ9.MHeK2h0OtFS-8kLCpE8pPRGZFiyS0pMyHCqdf6h3NIixk7GHmc6VX3BF7y3LyWgiL3_eMtpTVwVXzBKICRhjcuOjrpoeuQzpnKkpEcRKf4ORMfW8_Fk7cEcTReBTYmkN6AU9bjbABKhsAVaLBpMUu7ISbxaTDrW-nxaMgXVHgLaVVlILXNlucAqwCh5HOFzHed4mjoqdXK2n8fFgInWvi4IZ16TqhQ116a6l1jTe4MA.AEjnjgYTT2_t0L1ji1koR2sDQb9FrsVYPO-3Oc9XN0Y&dib_tag=se&keywords=%E3%83%87%E3%82%B6%E3%82%A4%E3%83%B3%E7%B5%8C%E5%96%B6&qid=1727597211&s=books&sr=1-61,https://m.media-amazon.com/images/I/61JcBuwi5uL._AC_UY218_.jpg
https://www.amazon.co.jp/%E6%8E%88%E6%A5%AD%E3%81%AE%E3%83%A6%E3%83%8B%E3%83%90%E3%83%BC%E3%82%B5%E3%83%AB%E3%83%87%E3%82%B6%E3%82%A4%E3%83%B3%E3%82%92%E7%9B%AE%E6%8C%87%E3%81%99-%E3%80%8C%E5%AE%89%E5%BF%83%E3%80%8D%E3%80%8C%E5%88%BA%E6%BF%80%E3%80%8D%E3%81%A7%E3%81%A4%E3%81%8F%E3%82%8B%E5%AD%A6%E7%B4%9A%E7%B5%8C%E5%96%B6%E3%83%9E%E3%83%8B%E3%83%A5%E3%82%A2%E3%83%AB-%E6%A1%82-%E8%81%96/dp/449103012X/ref=sr_1_62?dib=eyJ2IjoiMSJ9.MHeK2h0OtFS-8kLCpE8pPRGZFiyS0pMyHCqdf6h3NIixk7GHmc6VX3BF7y3LyWgiL3_eMtpTVwVXzBKICRhjcuOjrpoeuQzpnKkpEcRKf4ORMfW8_Fk7cEcTReBTYmkN6AU9bjbABKhsAVaLBpMUu7ISbxaTDrW-nxaMgXVHgLaVVlILXNlucAqwCh5HOFzHed4mjoqdXK2n8fFgInWvi4IZ16TqhQ116a6l1jTe4MA.AEjnjgYTT2_t0L1ji1koR2sDQb9FrsVYPO-3Oc9XN0Y&dib_tag=se&keywords=%E3%83%87%E3%82%B6%E3%82%A4%E3%83%B3%E7%B5%8C%E5%96%B6&qid=1727597211&s=books&sr=1-62,https://m.media-amazon.com/images/I/61vHZJaXWLL._AC_UY218_.jpg
https://www.amazon.co.jp/%E3%83%87%E3%82%B6%E3%82%A4%E3%83%B3%E3%81%AE%E3%81%97%E3%81%94%E3%81%A8-100%E3%81%AE%E8%B3%AA%E5%95%8F-%E3%83%97%E3%83%AD%E3%81%AE%E3%83%87%E3%82%B6%E3%82%A4%E3%83%8A%E3%83%BC%E3%81%AB%E8%81%9E%E3%81%8D%E3%81%9F%E3%81%84%E3%80%81%E4%BB%95%E4%BA%8B%E3%81%AB%E3%81%BE%E3%81%A4%E3%82%8F%E3%82%8B%E5%A4%A7%E5%88%87%E3%81%AA%E3%81%93%E3%81%A8-ingectar/dp/4839981221/ref=sr_1_63?dib=eyJ2IjoiMSJ9.MHeK2h0OtFS-8kLCpE8pPRGZFiyS0pMyHCqdf6h3NIixk7GHmc6VX3BF7y3LyWgiL3_eMtpTVwVXzBKICRhjcuOjrpoeuQzpnKkpEcRKf4ORMfW8_Fk7cEcTReBTYmkN6AU9bjbABKhsAVaLBpMUu7ISbxaTDrW-nxaMgXVHgLaVVlILXNlucAqwCh5HOFzHed4mjoqdXK2n8fFgInWvi4IZ16TqhQ116a6l1jTe4MA.AEjnjgYTT2_t0L1ji1koR2sDQb9FrsVYPO-3Oc9XN0Y&dib_tag=se&keywords=%E3%83%87%E3%82%B6%E3%82%A4%E3%83%B3%E7%B5%8C%E5%96%B6&qid=1727597211&s=books&sr=1-63,https://m.media-amazon.com/images/I/71sfIAyc0uL._AC_UY218_.jpg
https://www.amazon.co.jp/%E3%83%97%E3%83%AD%E3%81%A3%E3%81%BD%E3%81%84%E3%82%BB%E3%83%B3%E3%82%B9%E3%81%8C%E8%BA%AB%E3%81%AB%E3%81%A4%E3%81%8F-%E3%83%87%E3%82%B6%E3%82%A4%E3%83%B3%E3%81%AE%E3%81%8D%E3%81%BB%E3%82%93-%E6%9C%A8%E6%9D%91%E5%AE%8F%E6%98%8E/dp/4800730384/ref=sr_1_64?dib=eyJ2IjoiMSJ9.MHeK2h0OtFS-8kLCpE8pPRGZFiyS0pMyHCqdf6h3NIixk7GHmc6VX3BF7y3LyWgiL3_eMtpTVwVXzBKICRhjcuOjrpoeuQzpnKkpEcRKf4ORMfW8_Fk7cEcTReBTYmkN6AU9bjbABKhsAVaLBpMUu7ISbxaTDrW-nxaMgXVHgLaVVlILXNlucAqwCh5HOFzHed4mjoqdXK2n8fFgInWvi4IZ16TqhQ116a6l1jTe4MA.AEjnjgYTT2_t0L1ji1koR2sDQb9FrsVYPO-3Oc9XN0Y&dib_tag=se&keywords=%E3%83%87%E3%82%B6%E3%82%A4%E3%83%B3%E7%B5%8C%E5%96%B6&qid=1727597211&s=books&sr=1-64,https://m.media-amazon.com/images/I/718lNxuj+EL._AC_UY218_.jpg
https://www.amazon.co.jp/%E3%83%87%E3%82%B6%E3%82%A4%E3%83%B3%E3%81%8C%E3%82%A4%E3%83%8E%E3%83%99%E3%83%BC%E3%82%B7%E3%83%A7%E3%83%B3%E3%82%92%E4%BC%9D%E3%81%88%E3%82%8B-%E3%83%87%E3%82%B6%E3%82%A4%E3%83%B3%E3%81%AE%E5%8A%9B%E3%82%92%E6%B4%BB%E3%81%8B%E3%81%99%E6%96%B0%E3%81%97%E3%81%84%E7%B5%8C%E5%96%B6%E6%88%A6%E7%95%A5%E3%81%AE%E6%A8%A1%E7%B4%A2-%E9%B7%B2%E7%94%B0-%E7%A5%90%E4%B8%80/dp/4641164363/ref=sr_1_65?dib=eyJ2IjoiMSJ9.MHeK2h0OtFS-8kLCpE8pPRGZFiyS0pMyHCqdf6h3NIixk7GHmc6VX3BF7y3LyWgiL3_eMtpTVwVXzBKICRhjcuOjrpoeuQzpnKkpEcRKf4ORMfW8_Fk7cEcTReBTYmkN6AU9bjbABKhsAVaLBpMUu7ISbxaTDrW-nxaMgXVHgLaVVlILXNlucAqwCh5HOFzHed4mjoqdXK2n8fFgInWvi4IZ16TqhQ116a6l1jTe4MA.AEjnjgYTT2_t0L1ji1koR2sDQb9FrsVYPO-3Oc9XN0Y&dib_tag=se&keywords=%E3%83%87%E3%82%B6%E3%82%A4%E3%83%B3%E7%B5%8C%E5%96%B6&qid=1727597211&s=books&sr=1-65,https://m.media-amazon.com/images/I/61MAYVK9keL._AC_UY218_.jpg
https://www.amazon.co.jp/%E3%80%8C%E5%95%8F%E3%81%84%E3%80%8D%E3%82%92%E7%AB%8B%E3%81%A6%E3%82%8B%E5%8A%9B-%E4%B8%96%E3%81%AE%E4%B8%AD%E3%81%AE%E6%9C%80%E9%81%A9%E8%A7%A3%E3%82%92%E5%85%B1%E3%81%AB%E8%80%83%E3%81%88%E3%82%8B-%E7%A4%BE%E4%BC%9A%E3%83%87%E3%82%B6%E3%82%A4%E3%83%B3%E7%99%BA%E6%83%B3%E3%81%A7%E5%85%B1%E5%89%B5%E3%81%99%E3%82%8B%E6%96%B0%E3%81%97%E3%81%84%E3%80%8C%E3%81%82%E3%81%9F%E3%82%8A%E3%81%BE%E3%81%88%E3%80%8D-%E6%A0%AA%E5%BC%8F%E4%BC%9A%E7%A4%BE%E3%82%AA%E3%82%BA%E3%83%9E%E3%83%94%E3%83%BC%E3%82%A2%E3%83%BC%E3%83%AB/dp/4910286357/ref=sr_1_66?dib=eyJ2IjoiMSJ9.MHeK2h0OtFS-8kLCpE8pPRGZFiyS0pMyHCqdf6h3NIixk7GHmc6VX3BF7y3LyWgiL3_eMtpTVwVXzBKICRhjcuOjrpoeuQzpnKkpEcRKf4ORMfW8_Fk7cEcTReBTYmkN6AU9bjbABKhsAVaLBpMUu7ISbxaTDrW-nxaMgXVHgLaVVlILXNlucAqwCh5HOFzHed4mjoqdXK2n8fFgInWvi4IZ16TqhQ116a6l1jTe4MA.AEjnjgYTT2_t0L1ji1koR2sDQb9FrsVYPO-3Oc9XN0Y&dib_tag=se&keywords=%E3%83%87%E3%82%B6%E3%82%A4%E3%83%B3%E7%B5%8C%E5%96%B6&qid=1727597211&s=books&sr=1-66,https://m.media-amazon.com/images/I/81Gf-TZGGkL._AC_UY218_.jpg
https://www.amazon.co.jp/sspa/click?ie=UTF8&spc=MTo3MDIxMDMxODAyMjU3MjQ0OjE3Mjc1OTcyMTE6c3BfYnRmOjMwMDA0MTYyMjU1Mjk2Mjo6MDo6&url=%2F%25E3%2583%2597%25E3%2583%25AD%25E3%2581%25A3%25E3%2581%25BD%25E3%2581%2584%25E3%2582%25BB%25E3%2583%25B3%25E3%2582%25B9%25E3%2581%258C%25E8%25BA%25AB%25E3%2581%25AB%25E3%2581%25A4%25E3%2581%258F-%25E3%2583%2587%25E3%2582%25B6%25E3%2582%25A4%25E3%2583%25B3%25E3%2581%25AE%25E3%2581%258D%25E3%2581%25BB%25E3%2582%2593-%25E6%259C%25A8%25E6%259D%2591%25E5%25AE%258F%25E6%2598%258E%2Fdp%2F4800730384%2Fref%3Dsr_1_67_sspa%3Fdib%3DeyJ2IjoiMSJ9.MHeK2h0OtFS-8kLCpE8pPRGZFiyS0pMyHCqdf6h3NIixk7GHmc6VX3BF7y3LyWgiL3_eMtpTVwVXzBKICRhjcuOjrpoeuQzpnKkpEcRKf4ORMfW8_Fk7cEcTReBTYmkN6AU9bjbABKhsAVaLBpMUu7ISbxaTDrW-nxaMgXVHgLaVVlILXNlucAqwCh5HOFzHed4mjoqdXK2n8fFgInWvi4IZ16TqhQ116a6l1jTe4MA.AEjnjgYTT2_t0L1ji1koR2sDQb9FrsVYPO-3Oc9XN0Y%26dib_tag%3Dse%26keywords%3D%25E3%2583%2587%25E3%2582%25B6%25E3%2582%25A4%25E3%2583%25B3%25E7%25B5%258C%25E5%2596%25B6%26qid%3D1727597211%26s%3Dbooks%26sr%3D1-67-spons%26sp_csd%3Dd2lkZ2V0TmFtZT1zcF9idGY%26psc%3D1,https://m.media-amazon.com/images/I/718lNxuj+EL._AC_UY218_.jpg
https://www.amazon.co.jp/sspa/click?ie=UTF8&spc=MTo3MDIxMDMxODAyMjU3MjQ0OjE3Mjc1OTcyMTE6c3BfYnRmOjMwMDA0MjAxMzY3NTA2Mjo6MDo6&url=%2F%25E3%2580%258C%25E5%25A4%25A7%25E6%259A%25B4%25E8%2590%25BD%25E3%2580%258D-%25E9%2587%2591%25E8%259E%258D%25E3%2583%2590%25E3%2583%2596%25E3%2583%25AB%25E5%25A4%25A7%25E5%25B4%25A9%25E5%25A3%258A%25E3%2581%25A8%25E6%2597%25A5%25E6%259C%25AC%25E7%25A0%25B4%25E7%25B6%25BB%25E3%2581%25AE%25E3%2582%25B7%25E3%2583%258A%25E3%2583%25AA%25E3%2582%25AA-%25E3%2582%25B8%25E3%2583%25A0%25E3%2583%25BB%25E3%2583%25AD%25E3%2582%25B8%25E3%2583%25A3%25E3%2583%25BC%25E3%2582%25BA%2Fdp%2F483345243X%2Fref%3Dsr_1_68_sspa%3Fdib%3DeyJ2IjoiMSJ9.MHeK2h0OtFS-8kLCpE8pPRGZFiyS0pMyHCqdf6h3NIixk7GHmc6VX3BF7y3LyWgiL3_eMtpTVwVXzBKICRhjcuOjrpoeuQzpnKkpEcRKf4ORMfW8_Fk7cEcTReBTYmkN6AU9bjbABKhsAVaLBpMUu7ISbxaTDrW-nxaMgXVHgLaVVlILXNlucAqwCh5HOFzHed4mjoqdXK2n8fFgInWvi4IZ16TqhQ116a6l1jTe4MA.AEjnjgYTT2_t0L1ji1koR2sDQb9FrsVYPO-3Oc9XN0Y%26dib_tag%3Dse%26keywords%3D%25E3%2583%2587%25E3%2582%25B6%25E3%2582%25A4%25E3%2583%25B3%25E7%25B5%258C%25E5%2596%25B6%26qid%3D1727597211%26s%3Dbooks%26sr%3D1-68-spons%26sp_csd%3Dd2lkZ2V0TmFtZT1zcF9idGY%26psc%3D1,https://m.media-amazon.com/images/I/81B6r1-8EJL._AC_UY218_.jpg
https://www.amazon.co.jp/sspa/click?ie=UTF8&spc=MTo3MDIxMDMxODAyMjU3MjQ0OjE3Mjc1OTcyMTE6c3BfYnRmOjEzMjgzNDgwMzA5ODo6MDo6&url=%2FHow-STARTUP-%25E3%2582%25A4%25E3%2583%258E%25E3%2583%2599%25E3%2583%25BC%25E3%2582%25B7%25E3%2583%25A7%25E3%2583%25B3%25E3%2582%2592%25E8%25B5%25B7%25E3%2581%2593%25E3%2581%2599%25E3%2583%2593%25E3%2582%25B8%25E3%2583%258D%25E3%2582%25B9%25E3%2582%25A2%25E3%2582%25A4%25E3%2583%2587%25E3%2582%25A2%25E3%2581%25AE%25E8%2582%25B2%25E3%2581%25A6%25E6%2596%25B9-%25E4%25B9%2585%25E9%2587%258E%25E5%25AD%259D%25E7%25A8%2594%2Fdp%2F4866675047%2Fref%3Dsr_1_69_sspa%3Fdib%3DeyJ2IjoiMSJ9.MHeK2h0OtFS-8kLCpE8pPRGZFiyS0pMyHCqdf6h3NIixk7GHmc6VX3BF7y3LyWgiL3_eMtpTVwVXzBKICRhjcuOjrpoeuQzpnKkpEcRKf4ORMfW8_Fk7cEcTReBTYmkN6AU9bjbABKhsAVaLBpMUu7ISbxaTDrW-nxaMgXVHgLaVVlILXNlucAqwCh5HOFzHed4mjoqdXK2n8fFgInWvi4IZ16TqhQ116a6l1jTe4MA.AEjnjgYTT2_t0L1ji1koR2sDQb9FrsVYPO-3Oc9XN0Y%26dib_tag%3Dse%26keywords%3D%25E3%2583%2587%25E3%2582%25B6%25E3%2582%25A4%25E3%2583%25B3%25E7%25B5%258C%25E5%2596%25B6%26qid%3D1727597211%26s%3Dbooks%26sr%3D1-69-spons%26sp_csd%3Dd2lkZ2V0TmFtZT1zcF9idGY%26psc%3D1,https://m.media-amazon.com/images/I/71Z5TxCabOL._AC_UY218_.jpg
https://www.amazon.co.jp/sspa/click?ie=UTF8&spc=MTo3MDIxMDMxODAyMjU3MjQ0OjE3Mjc1OTcyMTE6c3BfYnRmOjMwMDA1MTU0OTE2MjE2Mjo6MDo6&url=%2F%25E3%2583%2587%25E3%2582%25B6%25E3%2582%25A4%25E3%2583%25B3%25E3%2581%25AE%25E8%25A8%2580%25E8%25AA%259E%25E5%258C%2596-%25E3%2580%2588%25E3%2582%25AF%25E3%2583%25A9%25E3%2582%25A4%25E3%2582%25A2%25E3%2583%25B3%25E3%2583%2588%25E3%2581%25AE%25E8%25A6%2581%25E6%259C%259B%25E3%2581%25AB%25E3%2581%2593%25E3%2581%259F%25E3%2581%2588%25E3%2582%258B%25EF%25BC%2594%25E3%2581%25A4%25E3%2581%25AE%25E3%2582%25B9%25E3%2583%2586%25E3%2583%2583%25E3%2583%2597%25E3%2580%2589-%25E3%2581%2593%25E3%2581%2592%25E3%2581%25A1%25E3%2582%2583%25E4%25B8%25B8%2Fdp%2F4865283579%2Fref%3Dsr_1_70_sspa%3Fdib%3DeyJ2IjoiMSJ9.MHeK2h0OtFS-8kLCpE8pPRGZFiyS0pMyHCqdf6h3NIixk7GHmc6VX3BF7y3LyWgiL3_eMtpTVwVXzBKICRhjcuOjrpoeuQzpnKkpEcRKf4ORMfW8_Fk7cEcTReBTYmkN6AU9bjbABKhsAVaLBpMUu7ISbxaTDrW-nxaMgXVHgLaVVlILXNlucAqwCh5HOFzHed4mjoqdXK2n8fFgInWvi4IZ16TqhQ116a6l1jTe4MA.AEjnjgYTT2_t0L1ji1koR2sDQb9FrsVYPO-3Oc9XN0Y%26dib_tag%3Dse%26keywords%3D%25E3%2583%2587%25E3%2582%25B6%25E3%2582%25A4%25E3%2583%25B3%25E7%25B5%258C%25E5%2596%25B6%26qid%3D1727597211%26s%3Dbooks%26sr%3D1-70-spons%26sp_csd%3Dd2lkZ2V0TmFtZT1zcF9idGY%26psc%3D1,https://m.media-amazon.com/images/I/71eoupYERrL._AC_UY218_.jpg
https://www.amazon.co.jp/%E3%80%8C%E5%95%8F%E3%81%84%E3%80%8D%E3%82%92%E7%AB%8B%E3%81%A6%E3%82%8B%E5%8A%9B-%E4%B8%96%E3%81%AE%E4%B8%AD%E3%81%AE%E6%9C%80%E9%81%A9%E8%A7%A3%E3%82%92%E5%85%B1%E3%81%AB%E8%80%83%E3%81%88%E3%82%8B-%E7%A4%BE%E4%BC%9A%E3%83%87%E3%82%B6%E3%82%A4%E3%83%B3%E7%99%BA%E6%83%B3%E3%81%A7%E5%85%B1%E5%89%B5%E3%81%99%E3%82%8B%E6%96%B0%E3%81%97%E3%81%84%E3%80%8C%E3%81%82%E3%81%9F%E3%82%8A%E3%81%BE%E3%81%88%E3%80%8D-%E6%A0%AA%E5%BC%8F%E4%BC%9A%E7%A4%BE%E3%82%AA%E3%82%BA%E3%83%9E%E3%83%94%E3%83%BC%E3%82%A2%E3%83%BC%E3%83%AB/dp/4910286357/ref=sr_1_65?dib=eyJ2IjoiMSJ9.yhiv_cAtmgnl6qdjA6ifMDz5K6jAlDjfMaSiW5BEWVXFnKZxji9bADxq1PVj35aqlB1RGPZlMFDHAePaansPKKgREfJL79DhMr_S15RpVD9i1R8YR5I5jTIZGdkg2V_t4pnAcFyeWxNAOa0ewoAU4Ppay94ee97fYPxajxAX9UDjMi3mjLptQ34vec7mtaRhnHg_9v7YV19MnQzP9BcQ73aZoP1GEdXZaDVambAaeKM.Q0CLJE5S9Wvc8rN4OB-J8KgNqF4e3Nd49Wo49zozUCM&dib_tag=se&keywords=%E3%83%87%E3%82%B6%E3%82%A4%E3%83%B3%E7%B5%8C%E5%96%B6&qid=1727597218&s=books&sr=1-65,https://m.media-amazon.com/images/I/81Gf-TZGGkL._AC_UY218_.jpg
https://www.amazon.co.jp/%E6%84%9B%E3%81%95%E3%82%8C%E3%82%8B%E3%83%96%E3%83%A9%E3%83%B3%E3%83%89%E3%81%AE%E3%83%91%E3%83%83%E3%82%B1%E3%83%BC%E3%82%B8%E3%83%87%E3%82%B6%E3%82%A4%E3%83%B3-%E7%B2%BE%E9%8B%AD%E3%82%AF%E3%83%AA%E3%82%A8%E3%82%A4%E3%83%86%E3%82%A3%E3%83%96%E3%83%87%E3%82%A3%E3%83%AC%E3%82%AF%E3%82%BF%E3%83%BC%E3%80%81%E3%82%A2%E3%83%BC%E3%83%88%E3%83%87%E3%82%A3%E3%83%AC%E3%82%AF%E3%82%BF%E3%83%BC%E3%81%AE%E6%80%9D%E8%80%83%E3%81%A8%E8%A1%A8%E7%8F%BE%E3%81%8C%E5%AD%A6%E3%81%B9%E3%82%8B-Designer%E2%80%99s-Collection-%E3%83%87%E3%82%B6%E3%82%A4%E3%83%B3%E3%83%8E%E3%83%BC%E3%83%88%E7%B7%A8%E9%9B%86%E9%83%A8/dp/4416523882/ref=sr_1_66?dib=eyJ2IjoiMSJ9.yhiv_cAtmgnl6qdjA6ifMDz5K6jAlDjfMaSiW5BEWVXFnKZxji9bADxq1PVj35aqlB1RGPZlMFDHAePaansPKKgREfJL79DhMr_S15RpVD9i1R8YR5I5jTIZGdkg2V_t4pnAcFyeWxNAOa0ewoAU4Ppay94ee97fYPxajxAX9UDjMi3mjLptQ34vec7mtaRhnHg_9v7YV19MnQzP9BcQ73aZoP1GEdXZaDVambAaeKM.Q0CLJE5S9Wvc8rN4OB-J8KgNqF4e3Nd49Wo49zozUCM&dib_tag=se&keywords=%E3%83%87%E3%82%B6%E3%82%A4%E3%83%B3%E7%B5%8C%E5%96%B6&qid=1727597218&s=books&sr=1-66,https://m.media-amazon.com/images/I/81-AD7nCV0L._AC_UY218_.jpg
https://www.amazon.co.jp/%E3%83%AF%E3%83%BC%E3%82%AF%E3%82%B7%E3%83%A7%E3%83%83%E3%83%97%E3%83%BB%E3%83%87%E3%82%B6%E3%82%A4%E3%83%B3-%E6%96%B0%E7%89%88-%E7%9F%A5%E3%82%92%E3%81%A4%E3%82%80%E3%81%90%E5%AF%BE%E8%A9%B1%E3%81%AE%E5%A0%B4%E3%81%A5%E3%81%8F%E3%82%8A-%E5%A0%80%E5%85%AC%E4%BF%8A/dp/4296118749/ref=sr_1_67?dib=eyJ2IjoiMSJ9.yhiv_cAtmgnl6qdjA6ifMDz5K6jAlDjfMaSiW5BEWVXFnKZxji9bADxq1PVj35aqlB1RGPZlMFDHAePaansPKKgREfJL79DhMr_S15RpVD9i1R8YR5I5jTIZGdkg2V_t4pnAcFyeWxNAOa0ewoAU4Ppay94ee97fYPxajxAX9UDjMi3mjLptQ34vec7mtaRhnHg_9v7YV19MnQzP9BcQ73aZoP1GEdXZaDVambAaeKM.Q0CLJE5S9Wvc8rN4OB-J8KgNqF4e3Nd49Wo49zozUCM&dib_tag=se&keywords=%E3%83%87%E3%82%B6%E3%82%A4%E3%83%B3%E7%B5%8C%E5%96%B6&qid=1727597218&s=books&sr=1-67,https://m.media-amazon.com/images/I/716Z8NEGDpL._AC_UY218_.jpg
https://www.amazon.co.jp/%E7%AA%81%E3%81%8D%E6%8A%9C%E3%81%91%E3%82%8B%E3%83%87%E3%82%B6%E3%82%A4%E3%83%B3%E3%83%9E%E3%83%8D%E3%82%B8%E3%83%A1%E3%83%B3%E3%83%88-%E7%94%B0%E5%AD%90-%E5%AD%B8%EF%BC%88%E6%85%B6%E6%87%89%E7%BE%A9%E5%A1%BE%E5%A4%A7%E5%AD%A6%E5%A4%A7%E5%AD%A6%E9%99%A2%E7%89%B9%E5%88%A5%E6%8B%9B%E8%81%98%E6%95%99%E6%8E%88%EF%BC%8F%E3%82%A8%E3%83%A0%E3%83%86%E3%83%89%E4%BB%A3%E8%A1%A8%EF%BC%89%E3%80%81%E7%94%B0%E5%AD%90%E8%A3%95%E5%AD%90/dp/4296103938/ref=sr_1_68?dib=eyJ2IjoiMSJ9.yhiv_cAtmgnl6qdjA6ifMDz5K6jAlDjfMaSiW5BEWVXFnKZxji9bADxq1PVj35aqlB1RGPZlMFDHAePaansPKKgREfJL79DhMr_S15RpVD9i1R8YR5I5jTIZGdkg2V_t4pnAcFyeWxNAOa0ewoAU4Ppay94ee97fYPxajxAX9UDjMi3mjLptQ34vec7mtaRhnHg_9v7YV19MnQzP9BcQ73aZoP1GEdXZaDVambAaeKM.Q0CLJE5S9Wvc8rN4OB-J8KgNqF4e3Nd49Wo49zozUCM&dib_tag=se&keywords=%E3%83%87%E3%82%B6%E3%82%A4%E3%83%B3%E7%B5%8C%E5%96%B6&qid=1727597218&s=books&sr=1-68,https://m.media-amazon.com/images/I/61NERcW4+rL._AC_UY218_.jpg
https://www.amazon.co.jp/8%E5%89%B2%E3%82%92%E6%8D%A8%E3%81%A6%E3%81%A62%E5%89%B2%E3%81%AB%E9%9B%86%E4%B8%AD%E3%81%99%E3%82%8B-%E6%8D%A8%E3%81%A6%E3%82%8B%E7%B5%8C%E5%96%B6-%E6%8D%A8%E3%81%A6%E3%82%8B%E3%81%A8%E4%BC%9A%E7%A4%BE%E3%81%AE%E6%9C%AC%E8%B3%AA%E3%81%8C%E8%A6%8B%E3%81%88%E3%81%A6%E3%81%8F%E3%82%8B%E2%86%92%E3%81%A9%E3%81%86%E3%81%99%E3%82%8C%E3%81%B0%E5%84%B2%E3%81%8B%E3%82%8B%E3%81%AE%E3%81%8B%E3%82%8F%E3%81%8B%E3%82%8B%EF%BC%81-%E5%B0%8F%E6%97%A9%E7%A5%A5%E4%B8%80%E9%83%8E/dp/4866365838/ref=sr_1_69?dib=eyJ2IjoiMSJ9.yhiv_cAtmgnl6qdjA6ifMDz5K6jAlDjfMaSiW5BEWVXFnKZxji9bADxq1PVj35aqlB1RGPZlMFDHAePaansPKKgREfJL79DhMr_S15RpVD9i1R8YR5I5jTIZGdkg2V_t4pnAcFyeWxNAOa0ewoAU4Ppay94ee97fYPxajxAX9UDjMi3mjLptQ34vec7mtaRhnHg_9v7YV19MnQzP9BcQ73aZoP1GEdXZaDVambAaeKM.Q0CLJE5S9Wvc8rN4OB-J8KgNqF4e3Nd49Wo49zozUCM&dib_tag=se&keywords=%E3%83%87%E3%82%B6%E3%82%A4%E3%83%B3%E7%B5%8C%E5%96%B6&qid=1727597218&s=books&sr=1-69,https://m.media-amazon.com/images/I/91WWrjAgkcL._AC_UY218_.jpg
https://www.amazon.co.jp/%E7%AA%81%E7%A0%B4%E3%81%99%E3%82%8B%E3%83%87%E3%82%B6%E3%82%A4%E3%83%B3-%E3%83%AD%E3%83%99%E3%83%AB%E3%83%88%E3%83%BB%E3%83%99%E3%83%AB%E3%82%AC%E3%83%B3%E3%83%86%E3%82%A3-ebook/dp/B073VDYX9J/ref=sr_1_70?dib=eyJ2IjoiMSJ9.yhiv_cAtmgnl6qdjA6ifMDz5K6jAlDjfMaSiW5BEWVXFnKZxji9bADxq1PVj35aqlB1RGPZlMFDHAePaansPKKgREfJL79DhMr_S15RpVD9i1R8YR5I5jTIZGdkg2V_t4pnAcFyeWxNAOa0ewoAU4Ppay94ee97fYPxajxAX9UDjMi3mjLptQ34vec7mtaRhnHg_9v7YV19MnQzP9BcQ73aZoP1GEdXZaDVambAaeKM.Q0CLJE5S9Wvc8rN4OB-J8KgNqF4e3Nd49Wo49zozUCM&dib_tag=se&keywords=%E3%83%87%E3%82%B6%E3%82%A4%E3%83%B3%E7%B5%8C%E5%96%B6&qid=1727597218&s=books&sr=1-70,https://m.media-amazon.com/images/I/81ApHQB+hoL._AC_UY218_.jpg
https://www.amazon.co.jp/%E3%83%87%E3%82%B6%E3%82%A4%E3%83%B3%E6%80%9D%E8%80%83-%E3%83%9E%E3%82%A4%E3%83%B3%E3%83%89%E3%82%BB%E3%83%83%E3%83%88%EF%BC%8B%E3%82%B9%E3%82%AD%E3%83%AB%E3%82%BB%E3%83%83%E3%83%88-%E6%97%A5%E6%9C%AC%E7%B5%8C%E6%B8%88%E6%96%B0%E8%81%9E%E5%87%BA%E7%89%88-%E5%BB%A3%E7%94%B0%E7%AB%A0%E5%85%89-ebook/dp/B0BHVGMSQ6/ref=sr_1_71?dib=eyJ2IjoiMSJ9.yhiv_cAtmgnl6qdjA6ifMDz5K6jAlDjfMaSiW5BEWVXFnKZxji9bADxq1PVj35aqlB1RGPZlMFDHAePaansPKKgREfJL79DhMr_S15RpVD9i1R8YR5I5jTIZGdkg2V_t4pnAcFyeWxNAOa0ewoAU4Ppay94ee97fYPxajxAX9UDjMi3mjLptQ34vec7mtaRhnHg_9v7YV19MnQzP9BcQ73aZoP1GEdXZaDVambAaeKM.Q0CLJE5S9Wvc8rN4OB-J8KgNqF4e3Nd49Wo49zozUCM&dib_tag=se&keywords=%E3%83%87%E3%82%B6%E3%82%A4%E3%83%B3%E7%B5%8C%E5%96%B6&qid=1727597218&s=books&sr=1-71,https://m.media-amazon.com/images/I/71QXyCurbAL._AC_UY218_.jpg
https://www.amazon.co.jp/%E5%80%8B%E5%88%A5%E6%9C%80%E9%81%A9%E3%81%AA%E5%AD%A6%E3%81%B3%C3%97%E5%8D%94%E5%83%8D%E7%9A%84%E3%81%AA%E5%AD%A6%E3%81%B3%E3%82%92%E5%AE%9F%E7%8F%BE%E3%81%99%E3%82%8B%E5%AD%A6%E7%B4%9A%E7%B5%8C%E5%96%B6%EF%BC%93%EF%BC%96%EF%BC%95%E6%97%A5%E3%81%AE%E3%83%A6%E3%83%8B%E3%83%90%E3%83%BC%E3%82%B5%E3%83%AB%E3%83%87%E3%82%B6%E3%82%A4%E3%83%B3-%E8%B5%A4%E5%9D%82-%E7%9C%9F%E4%BA%8C/dp/4182643682/ref=sr_1_72?dib=eyJ2IjoiMSJ9.yhiv_cAtmgnl6qdjA6ifMDz5K6jAlDjfMaSiW5BEWVXFnKZxji9bADxq1PVj35aqlB1RGPZlMFDHAePaansPKKgREfJL79DhMr_S15RpVD9i1R8YR5I5jTIZGdkg2V_t4pnAcFyeWxNAOa0ewoAU4Ppay94ee97fYPxajxAX9UDjMi3mjLptQ34vec7mtaRhnHg_9v7YV19MnQzP9BcQ73aZoP1GEdXZaDVambAaeKM.Q0CLJE5S9Wvc8rN4OB-J8KgNqF4e3Nd49Wo49zozUCM&dib_tag=se&keywords=%E3%83%87%E3%82%B6%E3%82%A4%E3%83%B3%E7%B5%8C%E5%96%B6&qid=1727597218&s=books&sr=1-72,https://m.media-amazon.com/images/I/61Uln80lLBL._AC_UY218_.jpg
https://www.amazon.co.jp/sspa/click?ie=UTF8&spc=MToyNDMxNjc1OTc0MDI5MTc5OjE3Mjc1OTcyMTg6c3BfbXRmOjMwMDA1OTIxMjI3ODA2Mjo6MDo6&url=%2F%25E3%2582%25A4%25E3%2583%25B3%25E3%2582%25B5%25E3%2582%25A4%25E3%2583%2588%25E3%2583%2596%25E3%2583%25BC%25E3%2582%25B9%25E3%2583%2588-%25E7%25B5%258C%25E5%2596%25B6%25E6%2588%25A6%25E7%2595%25A5%25E3%2581%25AE%25E5%258A%25B9%25E6%259E%259C%25E3%2582%2592%25E5%25BA%2595%25E4%25B8%258A%25E3%2581%2592%25E3%2581%2599%25E3%2582%258B%25E3%2583%2596%25E3%2583%25A9%25E3%2583%25B3%25E3%2583%2589%25E3%2583%2587%25E3%2582%25B6%25E3%2582%25A4%25E3%2583%25B3%25E3%2581%25AE%25E5%259F%25BA%25E6%259C%25AC-%25E4%25B8%258B%25E7%25B8%25BD%25E8%2589%25AF%25E5%2589%2587%2Fdp%2F4910034196%2Fref%3Dsr_1_73_sspa%3Fdib%3DeyJ2IjoiMSJ9.yhiv_cAtmgnl6qdjA6ifMDz5K6jAlDjfMaSiW5BEWVXFnKZxji9bADxq1PVj35aqlB1RGPZlMFDHAePaansPKKgREfJL79DhMr_S15RpVD9i1R8YR5I5jTIZGdkg2V_t4pnAcFyeWxNAOa0ewoAU4Ppay94ee97fYPxajxAX9UDjMi3mjLptQ34vec7mtaRhnHg_9v7YV19MnQzP9BcQ73aZoP1GEdXZaDVambAaeKM.Q0CLJE5S9Wvc8rN4OB-J8KgNqF4e3Nd49Wo49zozUCM%26dib_tag%3Dse%26keywords%3D%25E3%2583%2587%25E3%2582%25B6%25E3%2582%25A4%25E3%2583%25B3%25E7%25B5%258C%25E5%2596%25B6%26qid%3D1727597218%26s%3Dbooks%26sr%3D1-73-spons%26sp_csd%3Dd2lkZ2V0TmFtZT1zcF9tdGY%26psc%3D1,https://m.media-amazon.com/images/I/61TWAqMj-AL._AC_UY218_.jpg
https://www.amazon.co.jp/sspa/click?ie=UTF8&spc=MToyNDMxNjc1OTc0MDI5MTc5OjE3Mjc1OTcyMTg6c3BfbXRmOjMwMDA2MDY3MzQxNDE2Mjo6MDo6&url=%2F%25E3%2583%2587%25E3%2582%25B6%25E3%2582%25A4%25E3%2583%258A%25E3%2583%25BC%25E3%2581%25AE%25E3%2581%25A8%25E3%2581%25AA%25E3%2582%258A%25E3%2581%25A7%25E4%25BB%2595%25E4%25BA%258B%25E3%2582%2592%25E8%25A6%258B%25E3%2581%25A6%25E3%2581%2584%25E3%2582%258B%25E6%25B0%2597%25E5%2588%2586-%25E3%2580%258C%25E3%2581%259D%25E3%2581%25AE%25E3%2583%2587%25E3%2582%25B6%25E3%2582%25A4%25E3%2583%25B3%25E3%2580%2581%25E3%2581%25A9%25E3%2581%2586%25E3%2582%2584%25E3%2581%25A3%25E3%2581%25A6%25E4%25BD%259C%25E3%2582%258B%25E3%2581%25AE%25EF%25BC%259F%25E3%2580%258D%25E3%2581%258C%25E5%2588%2586%25E3%2581%258B%25E3%2582%258B%25E3%2580%2581%25E3%2583%2587%25E3%2582%25B6%25E3%2582%25A4%25E3%2583%25B3%25E3%2581%25AE%25E5%258F%2582%25E8%2580%2583%25E6%259B%25B8-%25E6%25A3%25AE%25E7%2594%25B0-%25E5%2595%2593%25E4%25B8%2580%2Fdp%2F4798179434%2Fref%3Dsr_1_74_sspa%3Fdib%3DeyJ2IjoiMSJ9.yhiv_cAtmgnl6qdjA6ifMDz5K6jAlDjfMaSiW5BEWVXFnKZxji9bADxq1PVj35aqlB1RGPZlMFDHAePaansPKKgREfJL79DhMr_S15RpVD9i1R8YR5I5jTIZGdkg2V_t4pnAcFyeWxNAOa0ewoAU4Ppay94ee97fYPxajxAX9UDjMi3mjLptQ34vec7mtaRhnHg_9v7YV19MnQzP9BcQ73aZoP1GEdXZaDVambAaeKM.Q0CLJE5S9Wvc8rN4OB-J8KgNqF4e3Nd49Wo49zozUCM%26dib_tag%3Dse%26keywords%3D%25E3%2583%2587%25E3%2582%25B6%25E3%2582%25A4%25E3%2583%25B3%25E7%25B5%258C%25E5%2596%25B6%26qid%3D1727597218%26s%3Dbooks%26sr%3D1-74-spons%26sp_csd%3Dd2lkZ2V0TmFtZT1zcF9tdGY%26psc%3D1,https://m.media-amazon.com/images/I/71yZr+s6NNL._AC_UY218_.jpg
https://www.amazon.co.jp/%E6%95%B0%E7%90%86%E3%83%A2%E3%83%87%E3%83%AB%E6%80%9D%E8%80%83%E3%81%A7%E7%B4%90%E8%A7%A3%E3%81%8FRULE-DESIGN-%E7%B5%84%E7%B9%94%E3%81%A8%E4%BA%BA%E3%81%AE%E8%A1%8C%E5%8B%95%E3%82%92%E7%A7%91%E5%AD%A6%E3%81%99%E3%82%8B-%E6%B1%9F%E5%B4%8E%E8%B2%B4%E8%A3%95-ebook/dp/B0BPY77S96/ref=sr_1_75?dib=eyJ2IjoiMSJ9.yhiv_cAtmgnl6qdjA6ifMDz5K6jAlDjfMaSiW5BEWVXFnKZxji9bADxq1PVj35aqlB1RGPZlMFDHAePaansPKKgREfJL79DhMr_S15RpVD9i1R8YR5I5jTIZGdkg2V_t4pnAcFyeWxNAOa0ewoAU4Ppay94ee97fYPxajxAX9UDjMi3mjLptQ34vec7mtaRhnHg_9v7YV19MnQzP9BcQ73aZoP1GEdXZaDVambAaeKM.Q0CLJE5S9Wvc8rN4OB-J8KgNqF4e3Nd49Wo49zozUCM&dib_tag=se&keywords=%E3%83%87%E3%82%B6%E3%82%A4%E3%83%B3%E7%B5%8C%E5%96%B6&qid=1727597218&s=books&sr=1-75,https://m.media-amazon.com/images/I/81CHmVd1N5L._AC_UY218_.jpg
https://www.amazon.co.jp/%E3%83%87%E3%82%B6%E3%82%A4%E3%83%B3%E3%83%9E%E3%83%8D%E3%82%B8%E3%83%A1%E3%83%B3%E3%83%88%E8%AB%96-%E3%83%AF%E3%83%BC%E3%83%89%E3%83%9E%E3%83%83%E3%83%97-%E5%85%AB%E9%87%8D%E6%A8%AB%E6%96%87/dp/4788516527/ref=sr_1_76?dib=eyJ2IjoiMSJ9.yhiv_cAtmgnl6qdjA6ifMDz5K6jAlDjfMaSiW5BEWVXFnKZxji9bADxq1PVj35aqlB1RGPZlMFDHAePaansPKKgREfJL79DhMr_S15RpVD9i1R8YR5I5jTIZGdkg2V_t4pnAcFyeWxNAOa0ewoAU4Ppay94ee97fYPxajxAX9UDjMi3mjLptQ34vec7mtaRhnHg_9v7YV19MnQzP9BcQ73aZoP1GEdXZaDVambAaeKM.Q0CLJE5S9Wvc8rN4OB-J8KgNqF4e3Nd49Wo49zozUCM&dib_tag=se&keywords=%E3%83%87%E3%82%B6%E3%82%A4%E3%83%B3%E7%B5%8C%E5%96%B6&qid=1727597218&s=books&sr=1-76,https://m.media-amazon.com/images/I/71A4DcMKbnL._AC_UY218_.jpg
https://www.amazon.co.jp/%E3%82%A6%E3%82%A7%E3%83%AB%E3%83%93%E3%83%BC%E3%82%A4%E3%83%B3%E3%82%B0%E3%81%AE%E3%81%A4%E3%81%8F%E3%82%8A%E3%81%8B%E3%81%9F-%E3%80%8C%E3%82%8F%E3%81%9F%E3%81%97%E3%80%8D%E3%81%A8%E3%80%8C%E3%82%8F%E3%81%9F%E3%81%97%E3%81%9F%E3%81%A1%E3%80%8D%E3%82%92%E3%81%A4%E3%81%AA%E3%81%90%E3%83%87%E3%82%B6%E3%82%A4%E3%83%B3%E3%82%AC%E3%82%A4%E3%83%89-%E6%B8%A1%E9%82%8A%E6%B7%B3%E5%8F%B8/dp/4802510438/ref=sr_1_77?dib=eyJ2IjoiMSJ9.yhiv_cAtmgnl6qdjA6ifMDz5K6jAlDjfMaSiW5BEWVXFnKZxji9bADxq1PVj35aqlB1RGPZlMFDHAePaansPKKgREfJL79DhMr_S15RpVD9i1R8YR5I5jTIZGdkg2V_t4pnAcFyeWxNAOa0ewoAU4Ppay94ee97fYPxajxAX9UDjMi3mjLptQ34vec7mtaRhnHg_9v7YV19MnQzP9BcQ73aZoP1GEdXZaDVambAaeKM.Q0CLJE5S9Wvc8rN4OB-J8KgNqF4e3Nd49Wo49zozUCM&dib_tag=se&keywords=%E3%83%87%E3%82%B6%E3%82%A4%E3%83%B3%E7%B5%8C%E5%96%B6&qid=1727597218&s=books&sr=1-77,https://m.media-amazon.com/images/I/71heesPdXjL._AC_UY218_.jpg
https://www.amazon.co.jp/%E3%83%80%E3%83%96%E3%83%AB%E3%83%AF%E3%83%BC%E3%82%AF%E3%81%8B%E3%82%89%E3%81%AF%E3%81%98%E3%82%81%E3%82%8B-%E3%82%AB%E3%83%95%E3%82%A7%E3%83%BB%E3%82%B3%E3%83%BC%E3%83%92%E3%83%BC%E3%82%B7%E3%83%A7%E3%83%83%E3%83%97%E3%81%AE%E3%81%A4%E3%81%8F%E3%82%8A%E6%96%B9-%E5%B8%82%E5%B7%9D%E3%83%92%E3%83%AD%E3%83%88%E3%83%A2/dp/4827213828/ref=sr_1_78?dib=eyJ2IjoiMSJ9.yhiv_cAtmgnl6qdjA6ifMDz5K6jAlDjfMaSiW5BEWVXFnKZxji9bADxq1PVj35aqlB1RGPZlMFDHAePaansPKKgREfJL79DhMr_S15RpVD9i1R8YR5I5jTIZGdkg2V_t4pnAcFyeWxNAOa0ewoAU4Ppay94ee97fYPxajxAX9UDjMi3mjLptQ34vec7mtaRhnHg_9v7YV19MnQzP9BcQ73aZoP1GEdXZaDVambAaeKM.Q0CLJE5S9Wvc8rN4OB-J8KgNqF4e3Nd49Wo49zozUCM&dib_tag=se&keywords=%E3%83%87%E3%82%B6%E3%82%A4%E3%83%B3%E7%B5%8C%E5%96%B6&qid=1727597218&s=books&sr=1-78,https://m.media-amazon.com/images/I/81xEFkHbyZL._AC_UY218_.jpg
https://www.amazon.co.jp/%E7%9F%A5%E8%AD%98%E5%89%B5%E9%80%A0%E4%BC%81%E6%A5%AD-%E6%96%B0%E8%A3%85%E7%89%88-%E9%87%8E%E4%B8%AD-%E9%83%81%E6%AC%A1%E9%83%8E/dp/4492522328/ref=sr_1_79?dib=eyJ2IjoiMSJ9.yhiv_cAtmgnl6qdjA6ifMDz5K6jAlDjfMaSiW5BEWVXFnKZxji9bADxq1PVj35aqlB1RGPZlMFDHAePaansPKKgREfJL79DhMr_S15RpVD9i1R8YR5I5jTIZGdkg2V_t4pnAcFyeWxNAOa0ewoAU4Ppay94ee97fYPxajxAX9UDjMi3mjLptQ34vec7mtaRhnHg_9v7YV19MnQzP9BcQ73aZoP1GEdXZaDVambAaeKM.Q0CLJE5S9Wvc8rN4OB-J8KgNqF4e3Nd49Wo49zozUCM&dib_tag=se&keywords=%E3%83%87%E3%82%B6%E3%82%A4%E3%83%B3%E7%B5%8C%E5%96%B6&qid=1727597218&s=books&sr=1-79,https://m.media-amazon.com/images/I/71oN3Mbte5L._AC_UY218_.jpg
https://www.amazon.co.jp/%E3%81%AA%E3%82%93%E3%81%AE%E3%81%9F%E3%82%81%E3%81%AB%E7%B5%8C%E5%96%B6%E3%81%99%E3%82%8B%E3%81%AE%E3%81%8B-%E9%88%B4%E6%9C%A8-%E7%A5%90%E4%BB%8B/dp/4761276541/ref=sr_1_80?dib=eyJ2IjoiMSJ9.yhiv_cAtmgnl6qdjA6ifMDz5K6jAlDjfMaSiW5BEWVXFnKZxji9bADxq1PVj35aqlB1RGPZlMFDHAePaansPKKgREfJL79DhMr_S15RpVD9i1R8YR5I5jTIZGdkg2V_t4pnAcFyeWxNAOa0ewoAU4Ppay94ee97fYPxajxAX9UDjMi3mjLptQ34vec7mtaRhnHg_9v7YV19MnQzP9BcQ73aZoP1GEdXZaDVambAaeKM.Q0CLJE5S9Wvc8rN4OB-J8KgNqF4e3Nd49Wo49zozUCM&dib_tag=se&keywords=%E3%83%87%E3%82%B6%E3%82%A4%E3%83%B3%E7%B5%8C%E5%96%B6&qid=1727597218&s=books&sr=1-80,https://m.media-amazon.com/images/I/71LXAfuqN7L._AC_UY218_.jpg
https://www.amazon.co.jp/%E3%83%93%E3%82%B8%E3%83%8D%E3%82%B9%E3%82%92%E8%82%B2%E3%81%A6%E3%82%8B-%E6%96%B0%E7%89%88-%E3%81%84%E3%81%A4%E3%81%AE%E6%99%82%E4%BB%A3%E3%82%82%E5%A4%89%E3%82%8F%E3%82%89%E3%81%AA%E3%81%84%E8%B5%B7%E6%A5%AD%E3%81%A8%E7%B5%8C%E5%96%B6%E3%81%AE%E6%9C%AC%E8%B3%AA-%E3%83%9D%E3%83%BC%E3%83%AB%E3%83%BB%E3%83%9B%E3%83%BC%E3%82%B1%E3%83%B3/dp/4799330403/ref=sr_1_81?dib=eyJ2IjoiMSJ9.yhiv_cAtmgnl6qdjA6ifMDz5K6jAlDjfMaSiW5BEWVXFnKZxji9bADxq1PVj35aqlB1RGPZlMFDHAePaansPKKgREfJL79DhMr_S15RpVD9i1R8YR5I5jTIZGdkg2V_t4pnAcFyeWxNAOa0ewoAU4Ppay94ee97fYPxajxAX9UDjMi3mjLptQ34vec7mtaRhnHg_9v7YV19MnQzP9BcQ73aZoP1GEdXZaDVambAaeKM.Q0CLJE5S9Wvc8rN4OB-J8KgNqF4e3Nd49Wo49zozUCM&dib_tag=se&keywords=%E3%83%87%E3%82%B6%E3%82%A4%E3%83%B3%E7%B5%8C%E5%96%B6&qid=1727597218&s=books&sr=1-81,https://m.media-amazon.com/images/I/71eoDx+QepL._AC_UY218_.jpg
https://www.amazon.co.jp/%E4%BC%81%E6%A5%AD%E3%81%AE%E9%AD%85%E5%8A%9B%E3%82%92%E6%9C%80%E5%A4%A7%E9%99%90%E3%81%AB%E5%BC%95%E3%81%8D%E5%87%BA%E3%81%99-%E3%83%AF%E3%83%B3%E3%82%B9%E3%83%88%E3%83%83%E3%83%97%E3%83%BB%E3%83%96%E3%83%A9%E3%83%B3%E3%83%87%E3%82%A3%E3%83%B3%E3%82%B0-%E4%B9%B3%E4%BA%95-%E4%BF%8A%E6%96%87/dp/4344947185/ref=sr_1_82?dib=eyJ2IjoiMSJ9.yhiv_cAtmgnl6qdjA6ifMDz5K6jAlDjfMaSiW5BEWVXFnKZxji9bADxq1PVj35aqlB1RGPZlMFDHAePaansPKKgREfJL79DhMr_S15RpVD9i1R8YR5I5jTIZGdkg2V_t4pnAcFyeWxNAOa0ewoAU4Ppay94ee97fYPxajxAX9UDjMi3mjLptQ34vec7mtaRhnHg_9v7YV19MnQzP9BcQ73aZoP1GEdXZaDVambAaeKM.Q0CLJE5S9Wvc8rN4OB-J8KgNqF4e3Nd49Wo49zozUCM&dib_tag=se&keywords=%E3%83%87%E3%82%B6%E3%82%A4%E3%83%B3%E7%B5%8C%E5%96%B6&qid=1727597218&s=books&sr=1-82,https://m.media-amazon.com/images/I/81WTwQpa1IL._AC_UY218_.jpg
https://www.amazon.co.jp/sspa/click?ie=UTF8&spc=MToyNDMxNjc1OTc0MDI5MTc5OjE3Mjc1OTcyMTg6c3BfYnRmOjEwNjM5MzI2MjMwMTo6MDo6&url=%2F%25E3%2583%2596%25E3%2583%25A9%25E3%2583%25B3%25E3%2583%2587%25E3%2582%25A3%25E3%2583%25B3%25E3%2582%25B0%25E3%2583%2587%25E3%2582%25B6%25E3%2582%25A4%25E3%2583%25B3%25E3%2581%25AE%25E6%2595%2599%25E7%25A7%2591%25E6%259B%25B8-%25E8%25A5%25BF%25E6%25BE%25A4-%25E6%2598%258E%25E6%25B4%258B%2Fdp%2F4756252524%2Fref%3Dsr_1_83_sspa%3Fdib%3DeyJ2IjoiMSJ9.yhiv_cAtmgnl6qdjA6ifMDz5K6jAlDjfMaSiW5BEWVXFnKZxji9bADxq1PVj35aqlB1RGPZlMFDHAePaansPKKgREfJL79DhMr_S15RpVD9i1R8YR5I5jTIZGdkg2V_t4pnAcFyeWxNAOa0ewoAU4Ppay94ee97fYPxajxAX9UDjMi3mjLptQ34vec7mtaRhnHg_9v7YV19MnQzP9BcQ73aZoP1GEdXZaDVambAaeKM.Q0CLJE5S9Wvc8rN4OB-J8KgNqF4e3Nd49Wo49zozUCM%26dib_tag%3Dse%26keywords%3D%25E3%2583%2587%25E3%2582%25B6%25E3%2582%25A4%25E3%2583%25B3%25E7%25B5%258C%25E5%2596%25B6%26qid%3D1727597218%26s%3Dbooks%26sr%3D1-83-spons%26sp_csd%3Dd2lkZ2V0TmFtZT1zcF9idGY%26psc%3D1,https://m.media-amazon.com/images/I/617MYh+mHpL._AC_UY218_.jpg
https://www.amazon.co.jp/sspa/click?ie=UTF8&spc=MToyNDMxNjc1OTc0MDI5MTc5OjE3Mjc1OTcyMTg6c3BfYnRmOjMwMDA1MTU0OTE2MjE2Mjo6MDo6&url=%2F%25E3%2583%2587%25E3%2582%25B6%25E3%2582%25A4%25E3%2583%25B3%25E3%2581%25AE%25E8%25A8%2580%25E8%25AA%259E%25E5%258C%2596-%25E3%2580%2588%25E3%2582%25AF%25E3%2583%25A9%25E3%2582%25A4%25E3%2582%25A2%25E3%2583%25B3%25E3%2583%2588%25E3%2581%25AE%25E8%25A6%2581%25E6%259C%259B%25E3%2581%25AB%25E3%2581%2593%25E3%2581%259F%25E3%2581%2588%25E3%2582%258B%25EF%25BC%2594%25E3%2581%25A4%25E3%2581%25AE%25E3%2582%25B9%25E3%2583%2586%25E3%2583%2583%25E3%2583%2597%25E3%2580%2589-%25E3%2581%2593%25E3%2581%2592%25E3%2581%25A1%25E3%2582%2583%25E4%25B8%25B8%2Fdp%2F4865283579%2Fref%3Dsr_1_84_sspa%3Fdib%3DeyJ2IjoiMSJ9.yhiv_cAtmgnl6qdjA6ifMDz5K6jAlDjfMaSiW5BEWVXFnKZxji9bADxq1PVj35aqlB1RGPZlMFDHAePaansPKKgREfJL79DhMr_S15RpVD9i1R8YR5I5jTIZGdkg2V_t4pnAcFyeWxNAOa0ewoAU4Ppay94ee97fYPxajxAX9UDjMi3mjLptQ34vec7mtaRhnHg_9v7YV19MnQzP9BcQ73aZoP1GEdXZaDVambAaeKM.Q0CLJE5S9Wvc8rN4OB-J8KgNqF4e3Nd49Wo49zozUCM%26dib_tag%3Dse%26keywords%3D%25E3%2583%2587%25E3%2582%25B6%25E3%2582%25A4%25E3%2583%25B3%25E7%25B5%258C%25E5%2596%25B6%26qid%3D1727597218%26s%3Dbooks%26sr%3D1-84-spons%26sp_csd%3Dd2lkZ2V0TmFtZT1zcF9idGY%26psc%3D1,https://m.media-amazon.com/images/I/71eoupYERrL._AC_UY218_.jpg
https://www.amazon.co.jp/sspa/click?ie=UTF8&spc=MToyNDMxNjc1OTc0MDI5MTc5OjE3Mjc1OTcyMTg6c3BfYnRmOjMwMDA0MjAxMzY3NTA2Mjo6MDo6&url=%2F%25E3%2580%258C%25E5%25A4%25A7%25E6%259A%25B4%25E8%2590%25BD%25E3%2580%258D-%25E9%2587%2591%25E8%259E%258D%25E3%2583%2590%25E3%2583%2596%25E3%2583%25AB%25E5%25A4%25A7%25E5%25B4%25A9%25E5%25A3%258A%25E3%2581%25A8%25E6%2597%25A5%25E6%259C%25AC%25E7%25A0%25B4%25E7%25B6%25BB%25E3%2581%25AE%25E3%2582%25B7%25E3%2583%258A%25E3%2583%25AA%25E3%2582%25AA-%25E3%2582%25B8%25E3%2583%25A0%25E3%2583%25BB%25E3%2583%25AD%25E3%2582%25B8%25E3%2583%25A3%25E3%2583%25BC%25E3%2582%25BA%2Fdp%2F483345243X%2Fref%3Dsr_1_85_sspa%3Fdib%3DeyJ2IjoiMSJ9.yhiv_cAtmgnl6qdjA6ifMDz5K6jAlDjfMaSiW5BEWVXFnKZxji9bADxq1PVj35aqlB1RGPZlMFDHAePaansPKKgREfJL79DhMr_S15RpVD9i1R8YR5I5jTIZGdkg2V_t4pnAcFyeWxNAOa0ewoAU4Ppay94ee97fYPxajxAX9UDjMi3mjLptQ34vec7mtaRhnHg_9v7YV19MnQzP9BcQ73aZoP1GEdXZaDVambAaeKM.Q0CLJE5S9Wvc8rN4OB-J8KgNqF4e3Nd49Wo49zozUCM%26dib_tag%3Dse%26keywords%3D%25E3%2583%2587%25E3%2582%25B6%25E3%2582%25A4%25E3%2583%25B3%25E7%25B5%258C%25E5%2596%25B6%26qid%3D1727597218%26s%3Dbooks%26sr%3D1-85-spons%26sp_csd%3Dd2lkZ2V0TmFtZT1zcF9idGY%26psc%3D1,https://m.media-amazon.com/images/I/81B6r1-8EJL._AC_UY218_.jpg
